workerid,prolific_participant_id
628,5d8d821215875e001482ece7
560,5f5bd178d9952538dd3d9aa8
420,5d46c81b4bfe160001692377
741,5aa806e7777df200016088c5
517,5f0c911fc6db5763705037ef
469,5f3dfe21ea8efa2364a65ac5
696,5e725c81966bf419961abbbc
759,5f4e5a365d83c901cd6f53b7
376,5ed54b8621e9d90b244e992f
609,55bcb211fdf99b1068d97558
512,5f14b46fefc95253caca20b4
417,5f4a8f31cb080162cd822e56
789,5f5c8b1847e6d8472000d6d5
588,5f4ba96f5080c665e6ff7891
740,55eb4774748092000baa97ee
655,57223b1c01ed330011374d93
558,5e9f4c047df0960e01213bfa
373,5f2150b3319efd2d619a356b
788,5ba1beaecc5dd00001673e39
693,5ee2d96eac3291203650f16e
554,5a8cd05d17ef35000170cd80
782,5dd42e7f35cf744223c60d1b
735,5f08bea1c1c4e111f286d7d1
605,5f3f184dd347dc20db152423
464,5c4be2759233b80001b2ed8a
507,5ebec8ea81dc120cd9ba66da
576,5e172cc2f122ed030a9bed3d
369,5e29fa4e04db880586939104
690,5e14bd64617219ae6593485a
413,5d0179488247af0019c22f8b
505,5f371883b12c9a192b2a9e1c
755,5f402eb4fbd8df145068b805
648,5b108e8e1e55760001b9c78e
809,5f6303c9c71cbc268785f3a9
411,5f39a2f898f81753f878f7f9
573,5e1f5ffeded49f296c60b4ae
368,5dd00b29caee3e107a99f653
551,5e5aa9938edd03000e4037ce
687,5f46b46f030fef068ae66c9a
727,5ee70f2038ee524987f6e9cd
773,5e0f58b0192ef0673d106f4e
568,5be9fd84271bf10001525264
638,5d618d5b13b88900195548f2
548,5f467c7bcd0ffe035dda6393
408,5a8891155292b800012316a8
457,5f51300050c7c613eb852f42
722,5f1cba909780db13786ebe77
498,5ef3d5382337cd17ee7e88cc
364,5e7262299af97605a7e4a911
685,5c82d0ac51b0e00015cbd2fc
360,585dd349445a5f00019b3b7c
715,5eebcf62645c11168e786eef
603,5aafe1c4811b2000016f8d82
489,5edbe0d8856ca98967058222
767,5726570ef2a83f000f6aea6d
620,5e746f7a64051f3d90ff620f
761,54b13343fdf99b6f84cedf7a
453,59eca3d50fb3a90001bd9cfe
676,5e9895448425bb089ed49884
403,5a91b1d389de8200013eae9e
401,5b497448369f84000112bc43
481,5befb1ba2d0a5e0001b3ada3
601,5f592040b8f9f212dfb80949
665,5f0c058eda9c680009ef5de6
393,5f46ad787f023605158d3c9d
524,5ddc44d65a40f2bb49218200
701,5eece89d63352e0c327ddb0b
750,5f55236ddd098b8d237515d2
591,5f1b0c3a98d3b329f6efcc48
514,5d93a2e8e248c2001967fb0a
543,5f0550bf5819b18476ee8343
643,5e614c386ee9b3017b83e4bc
396,5ae15492eb6040000153ca53
776,5f244177f5a7aa0009db3475
733,5c9192bc88ce2600193ee9ae
447,5c715e290a31ce00012fca49
354,59f574ccda08940001d4e7d8
680,5e73f009c4c4983798101851
494,5850ea9b4ae84e0001d9ccc0
599,5e83cb795cbd731071dc6917
815,5be1030c2b1e7d000178d718
677,5f512eda984fc8323abbd3d6
721,5dc11777a4b6ac097d0d5ca5
344,5ec9fb8c7d883d14f64e5fa6
488,5eff9c7beaac6e0853fe7190
536,5eb30f3df0b5800d9933b806
775,5dae16d241fbb6001160ce72
597,5d2fbee1fb16450018a7a023
391,5f325ad3c8616a1b5f8c7bd4
626,5b5c8d4e10aec90001ed4bee
656,5d510396f6725b001a4fc025
437,5f0f43c6ef62490d2d0cfc21
754,5f5e94956aeefe761ceb3eb4
622,5f462d4e8b2203036111fb5e
590,5f63bc321e733c0fc5793ccf
625,559ef308fdf99b2616ff2a4f
527,5f677404786b013835571054
710,5f0e5fc953f9081a2ee9d8c4
439,5c1d10be426c440001885e1c
346,5f6bfe84b3d4ba1796defbfb
764,5f5b9a16a009212f733aa12b
674,5e84253b26729e1847f16611
394,5f209f91789a063bd2b3489e
349,5f2c760dfff10e03206a686b
579,5e6c17398808e61e2d8dd55e
637,5f4490f63bd5ca1cab2bf527
503,5dd14dd31e70da1d0ee5bab8
541,5c9db776f35c880018bc2fd1
723,5e6011c399b03c35f69a53d8
435,5d487f57a1cf350016cb3c76
713,5d61547443c13200193ccb12
493,59f05fd65de9b000017ed8c3
586,5d7aad4d2b723f00017be8d3
762,5f42f4b399b7681634a2b419
345,5a708ef2f1530b000103bfab
635,5f5065f8c62ac41e03484ba1
668,5f55b2de5c3cb118507479f5
533,5d15103a916d4d001be1e30b
389,5c7d7e86848d2a0016b3dd3e
433,5c6f64cdcacbc8000113ed19
711,5f2c30b1d689ae0a4e09b401
760,5c1a4d7d1aea120001fdd685
438,5f557b11e44ff19554e13eaf
801,5f6734f85306a032ab06776f
430,5db88917bd0187000cde2894
528,5f4ee7ff2c5da213f015a27e
780,5c33ccf9377d960001044af0
618,5f52b99eba33175bbd197870
633,5f04d2c50f728f7ad1a6ec22
454,5e2c9026f4a3052be159c494
581,5c11f8202b16ba0001c8b764
522,5ba176b4f7e29100014449e2
807,5f5bcfd447e6d8377aaf1d83
477,5f07e040943fa520130a9f9b
706,5e6819e8d474f20c880e5ccb
382,5a25f3d5564bdf0001646007
428,5eed76d02df2151ad63113d3
663,5f398b6ba7d28410fe399d3c
611,5e9746fb1eed951eed404015
432,5f2b33aeda65b0569e41f809
600,5ef134a5b2112b1207d5c65c
426,589fc07f1521230001ebf494
811,5f1b2282a3103e2caff2fd7b
577,5f6b6a9c207db105aaf999f2
818,5f2031b62dadf42bbf16554f
659,5f3ae0a33ccf7478ecf76ce2
757,5f0bd06834894f4fb33be017
564,5f1230c4f57b2f06e2465477
475,5f6b8930b9d9530b1b065360
814,5f4525a7b895eb0a740165a0
520,5f6bd25cce33e015198c2aff
473,5d33c8bef7b9c100015ae7d1
791,5f613bd011a0d70b831ad999
658,5e8583da2f0efc16fc1939d4
797,59288c238bc6770001fc1d6e
804,5f685b659cdca3493cea939d
716,5aa71a2b6219a30001c763ec
424,5d1d3f10d5669200017b4e46
749,5f1fec6a43c2810190bb090c
518,5f2177f338fd7653d4a344c6
378,5e34aae29b1c9a4813833d91
610,5d4c65d1de72600016f87c14
515,5f31630bf48b2d6374d2012d
746,5eb087ed7f6d1e1232690d6a
650,5be8781a9bfece0001f0fac6
559,5d9bf42b9062810018a2edfe
414,5d89a4e3241e9c0019e2592c
471,5f6ae7ce339f671be843e378
732,5ea0a382fe3afa09599769e5
422,5f61428a3e3a8a0c906554c0
697,5f4eb0717daa5e0edd371dc6
654,5ec47b2d91b37736ce88f3d6
608,5e15e63a4f40fbbd907aff1e
556,5d11e762cc2d290016bc2364
783,5d0e93d955e871001d23a845
736,5c87ab25c23f2d0015563f46
418,5d9264f527fdac00158fd876
466,575a0b3033577a00060af29a
694,5ec52a6c8838ba47f9f9cb64
511,5f14e0f456500058ee865863
372,5be05da9b5be300001e54be5
552,5b33a01fa8327d0001003821
779,5f456942485340144549178e
730,5ed9bd075540a656621f4401
606,5ec68edc8b5f600865e16f78
370,5d250d243eea32001a079a3b
649,5af23d2c5847970001e34be4
509,5f54ad984695a3015bfa987d
810,5f1f7583475be91780efab28
508,5eeab6216c7dc71dd2dae2ef
463,5ba1460a235af60001fef5d8
747,5f52ea13a90f9b5f559c9d5b
504,5c4242e047e71a00015ca62b
366,5f60b5c32597fa000acd3ec9
592,5e3a1f1580af1024ad25be3f
550,5d66ea7549716000187f26af
410,5f1286c944b6a41e3f0e6826
646,5f456ef1a4b48216d30fb263
729,5f6a40a08673340cc395b882
688,5f044aa3ed31d268b2e44368
604,5dd18dbe7af6611f4140d40b
365,5e6c057dbc9dab1ba2c5bac4
458,5ca7de334311a70001cfc1d5
720,5f1ca7c9d3db3c11895ba1fa
645,5ec5c07929a379634c98f92c
501,5f0a7182eafb9118b3f1a0e6
569,5b5b8fe46de37e00014ee201
772,5ec008519a267e0ae282b679
790,5ec04d3bc03b44300641519f
547,5efa4215e40a3d124e70b7c3
409,5ee4cdd7ebbfd21dd696d429
621,5efd580f4946481a427257d2
768,5f48bc9bcf3436245e79a2c0
570,5ec892204e5bdc37732da4b2
490,5af529ca222e4d0001878444
542,5f078308b1ceae026b948a49
404,5f511ab38505ac2e8fbfac5e
681,5712a503ba4da20011c0132f
361,5e0a543f11999f2fc82af075
455,5f13ef0ffbaf2b41df44505f
709,5d3c660793eb2d00017880db
617,5f43b42a671bb8017bae54f6
482,5eff842045928105ce82588d
529,5f453e1e56df5b0db6c83f34
699,5e39dd6b005b3708174db65d
402,5f4817cb8cb5b117546d6267
820,5edec7ab7f458817182955a0
817,5f556c9411a25393af816d96
669,5f6a13b45f2b9605fab51038
359,5b3e3a299a6a140001222ea1
451,5d16ab9b59da87001ac41a61
602,5ec571fbbe9f1b54ce2ea875
777,5e3606315bfa435ce4d6246c
731,5ed27cb824c7ae07c02c3d74
356,5e8fa34befd9542a66b02feb
644,5ddff49280e0fc0666d0bc88
397,5d295e07d3edf9001a801625
682,5ec7bb4467b0da23311bd127
545,568e7e33e3ef9e000da202a7
496,5f54285202bbe6169acde195
578,5f5eb22e58c9fb7782a6e90c
819,5f27fd0178ff1f0009fc630b
353,5ef58ebf7c0ee21f4f07e960
445,5eba31ee91c3c01719eedbfd
490,5f6b4893a28032000868ceae
395,5ce0223c6578cf00191ee63f
785,5a8f113f5292b80001235dec
678,5ea1e1dab35e110d6a84555f
539,5590a34cfdf99b729d4f69dc
724,5f510ee550ebb82cf6c9a12c
771,5f504b45984fc81bee6ef5f5
627,5a395450a324900001af015c
593,5e208482d53585397ac17440
712,5c03217b1a20110001e979f0
636,57d0badf28d5250001bdd9d2
388,5c2692660091e40001c9e7af
441,5c10333e09e7c20001f1ee60
766,5f5127e45185c93094565dcd
530,5d71b08b11591c00012745f9
812,5d5eeb06d8bcde00162d73f1
348,5ed586e76d5ca91174686894
485,5ec41345abf9ae0c7b09ceaf
719,55d242825bc5bc0012d90383
398,5ec6854042730c06b3769e32
585,597bfd01ae36d500016cb921
639,5cb9bc10e50fe5001746c43b
499,5f4881870fc6403531679468
442,5f1ebc3a7d0a490143b9d827
351,5d4a7036c068b4001d0beebe
765,5c47d714a8703f0001b6e780
538,5f3c7788617774b020b3a439
672,57e6d96da0e8ce0001545521
587,59042666cd3f250001dcf8f9
808,5f69d9a2644621000af4e3db
434,5a0d1f2cfe645f0001e9f7ca
347,5c910c77873e3b001575b95b
763,5f04bffe52e3fd77ad9c17ac
390,5d4869cc692e5400197a980c
534,5f42ac74bac9f24a6091bd27
670,5f402da30ce123154d1f3f84
634,5e3a0d0529000b000d868ba5
798,5ce4150a8ea1c40019a7cebe
632,5f60c59e27f26f0219f4b20b
431,5e0fb89ea6eb606ccf49c0bd
440,5c284cf20091e40001ca3962
708,5e71e83b906448104d052c78
531,5c021afe55614800012b0421
584,5dfff529b1f222c26993c215
667,5ede432f75bfd1073c1501d8
484,5f376463935f741d9eb56aa5
385,5f4c59b01fbe7c155a11a45e
758,5f6542689b30f60cf8d45368
383,5ef5432f1d1dac1a1884f746
664,5dd0cd1c96afdf18a63b889a
745,5e21a34e683c2a000bd3a63c
479,562be0d4733ea00011162e31
575,5f43059fbe49c254d8d27f6e
615,5e8537fe23609011fe987ca7
429,5ee97d13009ed5338bbc05b8
806,5f4be9ec21ec8a7d89218f9e
525,5b1962c551d4eb0001bf968b
436,5d4b572c99d03e0001c829da
793,5f5abe983d4e8b1c34ad8a1d
566,5f3d88e03a16f0163ff5b93a
565,5cba96634609940017b233ba
476,5d5564512bf13d00014383ec
661,5f42ef7051be9614268f93d5
521,5e7b9a17aa127708ed804d16
751,5dd2c8b39ca8a32dfbf28fab
698,5df6fb1b5777b54d1122dbb7
381,5e954bac8099ec8c18ba2b69
427,5ed93122cee6c14a0f2d1e3e
589,5e2b28a1c94da6180ea79d5d
474,584f16bddcc3b60001b58f0b
563,55d4d60458c35800113dc321
629,5f493e86be8b6233d7876d60
379,5dd26f3f5a40f228b768d3e4
702,558fbd42fdf99b7ce29246bf
657,5dee9f05d70b0a000a8c57ff
513,5eaba4a0bc118a184ac2cd2e
519,56888951d7848e000c39a122
805,5f4dde755080c69a84ccfe7e
738,5955a3eb98c9c400019f5c5f
472,5f5be9b21c93d23b442ceb47
583,5d377f6d61a92e001ac7c308
753,5f4d8afadb2a6a05f81df294
377,5d2f8309fb16450018a79f66
695,5dd4c20186c8864a376f7480
561,5be5c60d25507300010d51ca
423,5ebad338d2b6560637563181
651,582694efe410980001e0e589
516,5e8789c17022a03feae0f3db
574,5eb9a6b1474e650d066972c5
467,5dd8ddcb41fb3f87f7971b4f
802,5f5797c54d47e72494ff5840
737,5f543ba5ee39f77bb2d8d5f0
419,5d54b73f1c1de70015d50959
784,5589a9d1fdf99b118adfa3a6
613,5d979a7705d4d60017b154c6
510,5f60eb7648b00e000adf7f19
557,5ee2c239f4ec4b804a79cf80
692,58477607f1b9b3000192bb01
781,5eea35e14962650e224d7151
465,5f59330adde6c8151b8a90ef
553,5ef0fbf8cd1c47153fd47675
506,5f5003328bb76c15b4195ee3
792,5f00264833e5d6122d3b3f6f
371,5eaef49f94edd25d969f28fe
796,57656f6c2bfddf000125cce5
416,5dd34df97160cb34fc1b96fe
607,5d6d20f4a652d70015a47c2e
689,5dc69e9e6c76b34c2ef27075
549,5dedf76558776a4a4a845c68
497,5df82e8739bcde5dd044f741
555,5bd53e291c0e3400016fe8c6
748,5eb1e341f13db7145ecc9fe9
571,5d3e6776c99d69001a762a33
800,5f4849042648171ef6c2cdf8
502,5dd6830d57260460919d9715
462,5f55be48f54d14000978c423
684,55ce148b34e9060012e56279
725,5dced6fa1986eb02243c1352
630,5f4b395013fe2f6ffcd95151
491,5e8cd5c517668408cddf0f14
363,5f4ea631b9e0870c178263d4
769,5f6228d807ccb622e12ff55a
566,5ec3f96a7bd12a09e859341b
718,5deec7e78b5f8b5683c0355a
683,5a8506998fe2dc000105fab1
459,5f5588d8f313fc95927e288b
406,5df4096aa98a7a2dce5bfb69
544,5ed542aa18af6c0ad4bb6574
671,5d478068ff3efc001a89d7de
799,5c01d3c509e9c70001500b10
362,5c3cd3463b58fd0001e1f076
572,5e864400d2183f0b729f1bfc
619,5e6c20d568ed541e7ab8aad5
405,5f3c9703b54d1ab415dbadcc
756,5dd1843cfd5b281f1e24d5c5
623,5e8ce1a772724409e8ec0404
456,5f19138473413516acd0d955
535,5ef3de2f66d07b18240f6416
787,5bc9ff771760a8000115b8f7
567,5f4c8469ad5ee688eff8cb4b
614,5f47e6376aa63923f3804e3b
700,5ab84333f69e940001d8f0af
470,5de7ca192294f172c699b7dc
744,5f244e0d0d7f44018faa3938
452,5f58efe50921910b4d058686
662,5eefd547ec05340d492fd03f
358,5f6bfd0ace33e017d8a03ca8
523,5f5c4b578a2d034359f2b41f
449,5ca2d2089398e700117cf0c6
582,5f455ed3326727130e7d4a49
642,57bb6878eb28030001f7ea94
526,5edb164c0d7fc47972df387a
728,5cb780ee9e9daf0001d4a90c
786,5ca229d63861e700154363bd
407,5aea85ab831584000180a1f6
739,5d3f6c700bd40e001cf67d98
778,5f4a7c2845ed00615d44a4a0
679,5e30b3c3de914a000cb49587
387,5f528db73f17ae5606005f6c
641,5c0fa46ebeb54500011921dc
540,5af5e1f733b0ee00011e9bdd
446,5c00222e2213be0001c2cdb1
726,5f5660f10df91e078634e1d7
616,5f106ee6b1b83d04c55aef29
350,5f6c45e8d2cb25000b9aa22c
595,5d77194e9f7e2300167826ed
774,5f5952c7eb77cc19352462c1
675,5f6a6fabc5ebb413d4900885
770,5f404f19fb3a5f18232d2d0d
486,56cb9bbcedf8da000c6e0ba4
673,55b3120cfdf99b6ef6263a71
640,5edf0bcccf71bc1c0b806934
352,5f283f19aa39bd10387cdc94
392,5f6b96873511da0cd42beea9
813,5f553b0b9213e98fbbe01c43
443,5d672814bff4500017bfc21f
532,5cdccb3a4d7e8a00163b8350
714,5d67476c0ca617001699fe7a
