Item,Mean_nocontext,YMin_nocontext,YMax_nocontext,Mean_context,CILow,CIHigh,YMin_context,YMax_context
100571:7,4.9,3.6,6.002499999999998,5.9,0.9000000000000004,0.6999999999999993,5,6.6
100584:49,4,3,5,2.4,0.7999999999999998,0.8000000000000003,1.6,3.2
100603:25,2.4,1.7,3.202499999999998,3,1,1.0999999999999996,2,4.1
100784:45,4.9,3.5,6,3.7,1,1,2.7,4.7
100820:27,4.7,3.3,6.002499999999998,3.9,1.2999999999999998,1.3000000000000003,2.6,5.2
100889:88,5.9,5.2,6.6,3.9,1.4,1.4,2.5,5.3
100975:27,3.7,2.7,4.7,3,1.1,1.0999999999999996,1.9,4.1
101025:37,3.8,2.6,4.8024999999999975,2.9,1.0999999999999999,1.3000000000000003,1.8,4.2
101121:88,3.9,2.4,5.4,3.2,1.3000000000000003,1.3999999999999995,1.9,4.6
101243:85,3.3,2.1,4.6,2.1,0.6000000000000001,0.6000000000000001,1.5,2.7
101449:50,4.4,3,5.6,4,1,1,3,5
101464:11,4.5,3.4,5.5,4.3,1,0.7999999999999998,3.3,5.1
102005:100,3.4,2.1,4.7,1.5,0.3999999999999999,0.3999999999999999,1.1,1.9
102016:6,3.5,2.65,4.5,2.8,1.0999999999999999,1.0024999999999977,1.7,3.8024999999999975
10235:39,3.7,2.3,5.2,3.9,1.2999999999999998,1.3000000000000003,2.6,5.2
102431:45,3.7,2.6,4.7,4.3,0.8999999999999999,0.9000000000000004,3.4,5.2
102546:21,4.7,3.7,5.7,3.2,1.3000000000000003,1.3999999999999995,1.9,4.6
102781:19,2.9,1.8,4.1,4.5,1.7000000000000002,1.7000000000000002,2.8,6.2
102998:7,4.7,3.9,5.5,4.1,0.8024999999999993,0.9000000000000004,3.2975000000000003,5
103194:37,3,2.1,4,3.6,1.3000000000000003,1.4,2.3,5
103477:18,5,4.1,5.9,6,1,0.7000000000000002,5,6.7
103563:4,5.9,5,6.6,5.2,1.5,1.2000000000000002,3.7,6.4
103574:12,3.7,2.6,4.9,2.6,1.3,1.4999999999999996,1.3,4.1
103624:72,4.9,3.8,6,5.4,0.8000000000000007,0.7999999999999998,4.6,6.2
103644:40,5.9,4.9,6.6,5,0.9000000000000004,1,4.1,6
103644:84,5.2,4,6.3,6.3,0.5999999999999996,0.6000000000000005,5.7,6.9
103701:14,2.7,1.9,3.5,2.3,0.7999999999999998,0.9000000000000004,1.5,3.2
103788:26,5.6,4.6,6.4,6.4,0.40000000000000036,0.39999999999999947,6,6.8
103868:139,3.9,2.8,5,5,1,1,4,6
103911:47,5.6,4.7975,6.5,4.7,1.2000000000000002,1.0999999999999996,3.5,5.8
104196:61,4.8,3.9,5.6,3.2,1,1.0999999999999996,2.2,4.3
104230:49,4.6,3.4,5.7,5.2,0.9000000000000004,0.8999999999999995,4.3,6.1
104255:44,3.4,2.5,4.4,3.1,1,0.9999999999999996,2.1,4.1
104342:23,5.1,3.8,6.2,4.6,0.7999999999999998,0.7000000000000002,3.8,5.3
104694:41,4,2.6,5.5,2.5,0.8,1,1.7,3.5
105043:10,2.8,1.6,4.2,3.7,1.1025,1,2.5975,4.7
105338:42,4.3,3.2,5.3,5.4,1.2025000000000006,0.7999999999999998,4.1975,6.2
105485:20,4.6,3.4,5.8,3.2,1.2000000000000002,1.2999999999999998,2,4.5
105896:51,3,2.1,4,2.3,0.8999999999999999,1,1.4,3.3
106267:29,4.5,3.5,5.6,5,0.9000000000000004,0.7999999999999998,4.1,5.8
106391:27,2.8,1.9,3.9,2.9,1.2,1.4,1.7,4.3
106437:19,3.5,2.2,4.8,6.7,0.2999999999999998,0.2999999999999998,6.4,7
106565:53,4.9,3.8,5.8,4.1,0.9999999999999996,0.9024999999999981,3.1,5.002499999999998
106619:25,2.8,1.9,3.7,3.5,1.5,1.5999999999999996,2,5.1
106658:65,3,2,3.9,3.1,1.1,1.1,2,4.2
106691:93,4.6,3.3,5.8024999999999975,4.2,1.3000000000000003,1.202499999999998,2.9,5.402499999999998
107258:36,4.4,3.4,5.3,2.6,0.7000000000000002,0.6999999999999997,1.9,3.3
107469:25,4.9,4,5.8,5.2,1.1000000000000005,0.7999999999999998,4.1,6
107709:28,5.7,5.1,6.2,3.5,1.4,1.4000000000000004,2.1,4.9
107796:20,4.4,3.2,5.4,5.4,1,0.8999999999999995,4.4,6.3
107802:43,4,2.7,5.2,4.8,1,0.9000000000000004,3.8,5.7
107909:42,4.7,3.7,5.6,4.3,1.2999999999999998,1.2999999999999998,3,5.6
108182:30,3.6,2.4,5,4.2,1.4000000000000004,1.3024999999999975,2.8,5.502499999999998
108182:40,4,2.8,5.3,5,0.7999999999999998,0.7000000000000002,4.2,5.7
108349:80,4.2,3.1,5.2,5.6,1.0999999999999996,0.9024999999999981,4.5,6.502499999999998
10841:72,3.5,2.3,4.9,3.3,1.4,1.3024999999999975,1.9,4.602499999999997
108521:93,5.8,5.1,6.5,5.2,0.9000000000000004,0.7999999999999998,4.3,6
108737:78,4.4,3,5.7,4.8,0.8999999999999999,0.9000000000000004,3.9,5.7
108744:71,3.9,2.7975000000000003,5.1,4.9,1.3000000000000003,1.202499999999997,3.6,6.102499999999997
108757:10,5.4,4.4,6.2,6.2,0.7000000000000002,0.5024999999999977,5.5,6.702499999999998
108790:33,1.9,1,3,4.3,1.2999999999999998,1.2000000000000002,3,5.5
108790:55,4.7,3.9,5.4,3.5,1.2024999999999997,1.2999999999999998,2.2975000000000003,4.8
108807:56,5.5,4.7,6.3,5,0.9000000000000004,0.9000000000000004,4.1,5.9
108856:37,4.2,3.3,5,5.8,0.7999999999999998,0.7000000000000002,5,6.5
108856:73,2.4,1,3.8,5.4,1.2000000000000002,0.7999999999999998,4.2,6.2
10895:45,4.2,3.4,4.9,2.7,1.0000000000000002,1.1024999999999974,1.7,3.8024999999999975
108972:69,3.1,2.1,4.1,3.2,1.2000000000000002,1.5,2,4.7
108975:9,4.25,3.39875,5.1,3.4,1.1999999999999997,1.302499999999998,2.2,4.702499999999998
109040:25,3.7,2.5975,4.9,3.4,1,1.1999999999999997,2.4,4.6
109067:18,2.5,1.6,3.6,2.9,1.0999999999999999,1.3000000000000003,1.8,4.2
109067:39,3.2,2,4.3024999999999975,2.7,0.8000000000000003,0.8999999999999999,1.9,3.6
109067:60,3.1,2.2,4.1,2.3,0.8999999999999999,1,1.4,3.3
109255:17,5.3,4.3,6.2,5.4,0.9000000000000004,0.8024999999999975,4.5,6.202499999999998
109269:7,5.8,4.8,6.6,5.6,1.2024999999999997,0.9000000000000004,4.3975,6.5
109394:16,5.8,5.1,6.4,6,0.5024999999999995,0.40000000000000036,5.4975000000000005,6.4
109644:34,4.6,3.2,5.8,4.9,0.9000000000000004,0.8999999999999995,4,5.8
109712:50,4.3,3.2,5.4,2.5,1.1,1.2000000000000002,1.4,3.7
110359:35,4.4,3.3,5.5,4.5,1.2999999999999998,1.2999999999999998,3.2,5.8
110384:95,3.7,2.6,4.7,3.7,0.9000000000000004,1,2.8,4.7
110398:27,3.3,2.1,4.7,3.2,1.1,1.0999999999999996,2.1,4.3
110628:20,4.4,3.1,5.6,2.3,0.6999999999999997,1,1.6,3.3
11082:15,1.5,1.2,1.9,2.6,1.1,1.4,1.5,4
111407:85,4.1,3.1,5,3.7,1.1,1.0999999999999996,2.6,4.8
111758:13,4.2,3.3,5.2,2.9,1.0999999999999999,1.1999999999999997,1.8,4.1
112058:22,5.6,4.7,6.4,5.1,1.3999999999999995,1.402499999999998,3.7,6.502499999999998
112156:136,4.9,3.8,6,5.2,0.9000000000000004,0.7999999999999998,4.3,6
112290:7,5.7,5.1,6.3,4.1,1.1999999999999997,1.1000000000000005,2.9,5.2
11233:53,3,2,4.1,3.5,1.2999999999999998,1.2999999999999998,2.2,4.8
112498:14,3.5,2.4,4.7,2.3,0.5999999999999999,0.7000000000000002,1.7,3
112637:73,2.4,1.8,3,3.8,1.2999999999999998,1.2000000000000002,2.5,5
112844:32,3.3,2.4,4.202499999999998,3.6,1.3000000000000003,1.302499999999998,2.3,4.902499999999998
112989:20,4.9,3.9,5.8,4.1,1.3024999999999993,1.4000000000000004,2.7975000000000003,5.5
113277:12,3.9,2.8,5,2.7,0.8000000000000003,0.8999999999999999,1.9,3.6
11328:16,2.9,1.7,4.1,2,0.7,1.0024999999999977,1.3,3.0024999999999977
113457:49,2.5,1.4,3.8024999999999975,3,1,1.1024999999999974,2,4.102499999999997
113475:14,4.4,3.4,5.3,4.2,1.3000000000000003,1.0999999999999996,2.9,5.3
11353:13,2.9,2,3.7,2.3,0.9999999999999998,1.2000000000000002,1.3,3.5
113793:23,3.9,2.6,5,2.7,1.0000000000000002,1.1999999999999997,1.7,3.9
113850:63,4.1,3,5.2,2.3,0.6999999999999997,0.7000000000000002,1.6,3
113855:35,5,3.8,6.1,4.8,1.5,1.2999999999999998,3.3,6.1
113957:66,4.1,3.2,4.902499999999998,2.9,1.2,1.4024999999999976,1.7,4.3024999999999975
114202:81,5.6,4.7,6.3,3.7,1.1,0.8999999999999995,2.6,4.6
114255:29,3.4,1.9,5,2.5,1,1.2000000000000002,1.5,3.7
114588:104,4.2,3.1,5.3,6.4,0.5,0.5,5.9,6.9
114610:10,2.6,1.8,3.6,3.3,1.0999999999999996,1.1000000000000005,2.2,4.4
115343:46,5.7,4.6,6.6,5.5,1.0999999999999996,0.9000000000000004,4.4,6.4
115483:40,5.7,5,6.3,4.9,1.5000000000000004,1.2999999999999998,3.4,6.2
115490:21,4.3,3.1,5.5,4.1,1.2999999999999998,1.2000000000000002,2.8,5.3
115525:57,3.8,2.8,4.7,4.1,0.9999999999999996,1,3.1,5.1
11568:18,2.6,1.6,3.6,3.1,0.8999999999999999,0.8999999999999999,2.2,4
115742:25,5.5,4.8,6.2,4.4,1.2000000000000002,1.1999999999999993,3.2,5.6
115916:39,3.6,2.3,4.9,3,1.1,1.4000000000000004,1.9,4.4
116197:36,3.8,2.8,4.7,3.8,1.2999999999999998,1.2999999999999998,2.5,5.1
116252:35,4.3,3.2975000000000003,5.202499999999998,5.1,1.1999999999999997,1.1000000000000005,3.9,6.2
116495:21,4,2.9,5.1,1.8,0.8,1.2,1,3
116582:15,2.3,1.4,3.3,4.6,1.1999999999999997,1.1000000000000005,3.4,5.7
116717:11,4.9,3.4,6.1,3.4,1,1.1,2.4,4.5
116940:96,3.5,2.3,4.5,2.2,0.9000000000000001,1.2999999999999998,1.3,3.5
117330:23,4.3,3.1,5.5,4.8,1.0999999999999996,1,3.7,5.8
117354:63,5.3,4.3975,6.1,5.1,1.0999999999999996,0.9000000000000004,4,6
11767:21,2.7,1.7975,3.8,1.9,0.5999999999999999,0.7000000000000002,1.3,2.6
1177:17,5.7,4.9,6.4,5.6,0.7999999999999998,0.8000000000000007,4.8,6.4
117808:33,3.8,2.5,5.1,4,1.4,1.2999999999999998,2.6,5.3
117836:27,2.8,2.1,3.5024999999999977,2.7,0.9000000000000001,0.8999999999999999,1.8,3.6
118309:83,3.3,2.3,4.4,4,1,0.9000000000000004,3,4.9
118734:78,5.5,4.2,6.5,6,0.5999999999999996,0.5999999999999996,5.4,6.6
118753:13,3.9,2.7,4.902499999999998,5.5,1,0.9000000000000004,4.5,6.4
118769:33,4.8,3.6,5.9,3.1,1.1,1.1999999999999997,2,4.3
118955:17,4.4,3.2,5.6,5,1.2999999999999998,1,3.7,6
119111:78,3.4,2.4,4.5,4.9,1.1000000000000005,1,3.8,5.9
119144:63,4.1,2.8,5.3,3.3,1,1,2.3,4.3
11929:60,4.4,3.4,5.2,4,1.2999999999999998,1.4000000000000004,2.7,5.4
119842:10,2.6,1.4,4,1.7,0.5,0.7,1.2,2.4
11991:7,5.2,4.5,5.9,5.5,0.7000000000000002,0.7000000000000002,4.8,6.2
11992:7,6.3,5.6,6.9,5.5,0.7000000000000002,0.7000000000000002,4.8,6.2
119945:93,1.7,1.1,2.4,1.9,0.5,0.5,1.4,2.4
120178:18,2.2,1.3,3.3,3.7,1.2000000000000002,1.2000000000000002,2.5,4.9
120254:15,5.4,4.6,6,3.8,1.0999999999999996,1.1000000000000005,2.7,4.9
120455:20,4.3,3.5,5.002499999999998,3.7,1,1.2000000000000002,2.7,4.9
120455:28,3.5,2.5,4.5,3.4,1.1,1.0000000000000004,2.3,4.4
120456:22,2.3,1.4,3.3,4,0.7999999999999998,0.9000000000000004,3.2,4.9
120517:9,5,4,6,4.7,0.7000000000000002,0.7999999999999998,4,5.5
1206:10,4.2,2.9,5.4,5.9,1,0.6999999999999993,4.9,6.6
120747:13,2.1,1.4,3.102499999999998,2,0.7,0.7000000000000002,1.3,2.7
120873:46,2.3,1.7,2.9,3,0.8999999999999999,0.8999999999999999,2.1,3.9
120922:61,4.1,2.9,5.4,3.9,1.2999999999999998,1.3000000000000003,2.6,5.2
121023:37,4.2,2.9,5.5,5.1,1.2999999999999998,1.1000000000000005,3.8,6.2
12111:78,3.5,2.4,4.502499999999998,2.5,0.8,0.9024999999999976,1.7,3.4024999999999976
121141:6,6.2,5.4,6.8,5.6,1,0.9000000000000004,4.6,6.5
1214:19,4.5,3.3,5.7,5.1,1.0999999999999996,0.9000000000000004,4,6
121569:26,4.3,2.9,5.6,5.6,0.7999999999999998,0.8000000000000007,4.8,6.4
121757:115,3.8,2.8,4.7,1.5,0.5,0.7000000000000002,1,2.2
121757:134,4.1,2.7,5.4,3,1.1,1.202499999999998,1.9,4.202499999999998
121757:169,4.7,3.3975,5.9,2.8,1.1999999999999997,1.4000000000000004,1.6,4.2
121757:84,3.3,2.2,4.6,2.1,0.6000000000000001,0.7999999999999998,1.5,2.9
121775:13,3,1.9,4.2,2.3,1.0999999999999999,1.3000000000000003,1.2,3.6
121775:50,3.4,2.3,4.5,2.7,1.1,1.1999999999999997,1.6,3.9
121783:13,2.9,1.7,4.1,1.4,0.3999999999999999,0.7000000000000002,1,2.1
121793:107,3.2,2.0975,4.402499999999998,3.1,1,1.1999999999999997,2.1,4.3
121793:56,3.2,2,4.3,1.9,0.7,1.0024999999999977,1.2,2.9024999999999976
12194:43,3.6,2.9,4.3,1.8,0.6000000000000001,0.7,1.2,2.5
121941:10,3.2,2.2,4.3,3.4,1.1999999999999997,1.0000000000000004,2.2,4.4
122421:31,4.3,3.1,5.5,3.9,1.1,1.1,2.8,5
122706:39,4,2.9,5.1,2.6,0.9000000000000001,0.8999999999999999,1.7,3.5
122792:22,2.4,1.6,3.3,2.4,1,1.2000000000000002,1.4,3.6
122893:11,2.8,1.6,4.1,2.4,0.7,0.7000000000000002,1.7,3.1
123034:17,5.4,4.5975,6.1,3.8,0.8999999999999999,0.9000000000000004,2.9,4.7
123419:8,2.9,2,3.8,2.7,0.9000000000000001,1.0999999999999996,1.8,3.8
123714:38,3.8,2.7,5.1,1.9,0.5999999999999999,0.8999999999999999,1.3,2.8
123797:41,4,2.7,5.3024999999999975,3.5,1,1,2.5,4.5
123812:31,3.9,2.5,5.3,4.3,1.2999999999999998,1.2000000000000002,3,5.5
123916:50,3.7,2.6,4.7,3.1,1.0025,1.1999999999999997,2.0975,4.3
124385:34,5.2,4.3,6.1,5.5,1.0999999999999996,1,4.4,6.5
124500:45,4.2,3,5.4,5.1,0.8024999999999993,0.8000000000000007,4.2975,5.9
124653:71,5.3,4.6,6,5.7,0.7999999999999998,0.7000000000000002,4.9,6.4
124760:28,4.5,3.3,5.7,5.2,1.2000000000000002,0.8999999999999995,4,6.1
124787:54,2.7,1.8,3.8,1.6,0.40000000000000013,0.5,1.2,2.1
125063:17,3.9,3,4.7,3.4,1,1.0000000000000004,2.4,4.4
125651:10,5.1,3.7,6.3,5.4,0.7000000000000002,0.5999999999999996,4.7,6
125802:14,4.3,3.1,5.5,5.2,0.6000000000000005,0.5999999999999996,4.6,5.8
125857:6,5.2,4,6.2,4.8,1.1999999999999997,1.1000000000000005,3.6,5.9
125903:18,4.1,2.7,5.5,4.9,1.2000000000000002,1,3.7,5.9
12596:58,3.1,1.9,4.3,2.3,1.0024999999999997,1.3000000000000003,1.2975,3.6
12611:177,3.4,2.3,4.5,2.3,0.7999999999999998,1,1.5,3.3
126165:57,5.3,3.9975,6.4,6.1,0.8999999999999995,0.7000000000000002,5.2,6.8
126348:16,5.25,4.65,5.85,5.3,1.2024999999999997,1.1000000000000005,4.0975,6.4
126455:10,4.6,3.2,5.8,4.4,1.2000000000000002,1.1999999999999993,3.2,5.6
126460:28,4.7,4,5.5,5.4,1,0.7999999999999998,4.4,6.2
126604:16,4.7,3.5,5.9,5,1.1,1,3.9,6
126610:15,2.8,1.5,4.3,3.2,1.3000000000000003,1.2000000000000002,1.9,4.4
126632:62,4.2,3,5.4,3.7,1,1.2000000000000002,2.7,4.9
126761:25,4.9,4,5.7,5.3,1.2000000000000002,1,4.1,6.3
126761:30,5,4.1,5.9,5.4,0.9000000000000004,0.7999999999999998,4.5,6.2
127011:17,5.3,4.2,6.3,5.3,0.7999999999999998,0.7000000000000002,4.5,6
127169:7,5.3,4.4,6.1,5.2,0.7000000000000002,0.5999999999999996,4.5,5.8
127350:66,3,1.8,4.3,2,0.6000000000000001,0.6000000000000001,1.4,2.6
127456:31,5.2,4.2,6,5.3,1.4,1.2000000000000002,3.9,6.5
127596:32,3.7,2.5,5.002499999999998,4.7,1,1,3.7,5.7
127761:15,3.2,2.2,4.2,1.9,0.3999999999999999,0.3999999999999999,1.5,2.3
127919:39,3.2,2.1975000000000002,4.2,2.6,0.7000000000000002,0.8999999999999999,1.9,3.5
128104:24,4.2,3.5,4.9,3.9,1.2999999999999998,1.1,2.6,5
128305:9,3.2,2.1,4.4,2.8,0.9999999999999998,1.1,1.8,3.9
128489:17,4,2.8,5.2,3.6,1,1.1,2.6,4.7
128696:11,3.7,2.5,5,3.6,1.5,1.3000000000000003,2.1,4.9
129004:16,2.3,1.7,3,2.4,1,1.3000000000000003,1.4,3.7
129083:10,2.9,2.2,3.6,3,1.3,1.5,1.7,4.5
129171:26,3.6,2.3,4.8,3.4,1,1.1,2.4,4.5
129179:18,4.6,3.95,5.3,3.5,1.1,1.2000000000000002,2.4,4.7
129583:26,4.8,3.8975,5.8,3.5,1,1.0024999999999977,2.5,4.502499999999998
12998:28,4.7,3.2,6.1,5.2,1.5,1.2000000000000002,3.7,6.4
129990:36,4.9,3.8,5.8,5.8,0.7000000000000002,0.6000000000000005,5.1,6.4
130065:25,4.5,3.5,5.4,4.1,1.2999999999999998,1.3000000000000007,2.8,5.4
130087:11,4.1,2.8,5.5,3.8,1.1999999999999997,1.202499999999998,2.6,5.002499999999998
130276:4,5.6,4.8,6.4,6,1,0.7999999999999998,5,6.8
130514:28,4.2,3.4,4.9,4.7,0.5,0.7000000000000002,4.2,5.4
13056:42,6.5,6,7,5.6,0.7999999999999998,0.7000000000000002,4.8,6.3
130584:43,3.8,2.6,5.2,2.7,1.1,1.2999999999999998,1.6,4
13059:11,6.3,5.8,6.7,6.8,0.2999999999999998,0.20000000000000018,6.5,7
130755:109,3.3,2.1975000000000002,4.5,2.1,0.7000000000000002,0.6999999999999997,1.4,2.8
130776:48,4.3,3.1,5.5,2.6,1.1,1.2999999999999998,1.5,3.9
130776:68,3.9,2.9,5,2.3,0.7999999999999998,1,1.5,3.3
130807:72,4.3,3.2975000000000003,5.3,5.2,1.3000000000000003,1.2000000000000002,3.9,6.4
13087:15,3.7,2.5,5,4.4,1.0000000000000004,0.8999999999999995,3.4,5.3
130958:7,5.1,4,6.1,5.6,1.1999999999999993,0.8024999999999984,4.4,6.402499999999998
130994:56,2.8,2.1,3.6,1.7,0.5,0.8,1.2,2.5
131277:37,3.8,2.5,5.102499999999997,2.5,0.6000000000000001,0.8999999999999999,1.9,3.4
131278:6,5.2,4.4,6,4,1.2000000000000002,1.0999999999999996,2.8,5.1
131517:11,5.4,4.4,6.2,5.6,0.6999999999999993,0.6000000000000005,4.9,6.2
131523:14,4.5,3.4,5.6,4.5,1.2000000000000002,1.0999999999999996,3.3,5.6
131722:36,3.2,2,4.2,2.6,0.9000000000000001,0.9024999999999976,1.7,3.5024999999999977
132148:16,5,4.1,5.8,3.7,1.2000000000000002,1.3999999999999995,2.5,5.1
132402:20,5.3,4.2,6.2,5.9,0.6000000000000005,0.5,5.3,6.4
132454:18,4.9,3.6,6.1,5.8,0.8999999999999995,0.7999999999999998,4.9,6.6
132696:166,3.2,2.1,4.2,2.7,1.0025,1.1999999999999997,1.6975000000000002,3.9
132933:5,5.7,4.6,6.6,4.5,0.7000000000000002,0.7000000000000002,3.8,5.2
132933:57,4.2,3.1,5.3024999999999975,5.2,0.7999999999999998,0.7000000000000002,4.4,5.9
13296:18,5.1,4.3,6,6,0.7999999999999998,0.7000000000000002,5.2,6.7
133013:23,3.8,2.4,5.3,2.2,0.8000000000000003,1.1999999999999997,1.4,3.4
133228:13,3,2.1,4.1,3.1,1,1.0024999999999973,2.1,4.102499999999997
133358:40,5,4,5.9,4,1.2999999999999998,1.2000000000000002,2.7,5.2
13347:160,3.2,2.1,4.4,4.2,1.1,1.2000000000000002,3.1,5.4
13347:26,3.4,2,5,2.2,0.7000000000000002,0.7999999999999998,1.5,3
133518:49,4.7,3.5,5.7,3.9,0.6999999999999997,0.8000000000000003,3.2,4.7
134021:50,4.7,3.6975000000000002,5.6,6.2,0.5,0.5,5.7,6.7
134033:13,4.5,3.1,5.8,5.6,1,0.9000000000000004,4.6,6.5
134101:49,3.1,2,4.2,2.8,1.0999999999999999,1.3024999999999975,1.7,4.102499999999997
13411:17,4.7,3.6,5.7,6.1,0.7999999999999998,0.6000000000000005,5.3,6.7
134169:64,3.55,2.8,4.3,2.7,1.0000000000000002,1,1.7,3.7
134176:40,4.8,3.4,5.902499999999998,4.2,1.2000000000000002,1.2000000000000002,3,5.4
134176:70,5,3.7,6.2,5,0.9024999999999999,0.9000000000000004,4.0975,5.9
134199:41,4.3,3.4,5.1,4,0.7000000000000002,0.7000000000000002,3.3,4.7
13420:11,4,2.9,5.1,3.8,1.4,1.5,2.4,5.3
134228:135,4,2.8975,5.3,3.9,1.1,1.1,2.8,5
13424:16,4.9,3.8,5.8,5.2,1.1000000000000005,1.0999999999999996,4.1,6.3
13424:44,4,3.1,4.8,4.6,1.2999999999999998,1.1000000000000005,3.3,5.7
134301:16,3.7,2.5,4.9,3.1,1.2000000000000002,1.3000000000000003,1.9,4.4
134420:14,4.2,2.9,5.5,2.8,1.0024999999999997,1.2000000000000002,1.7975,4
134420:23,3.7,2.7,4.6,3.2,1.1,1.2000000000000002,2.1,4.4
134426:23,2.9,1.7975,4.3,3.6,1,0.9999999999999996,2.6,4.6
134426:32,3.4,2.4,4.4,3.7,1.5,1.3999999999999995,2.2,5.1
134426:41,3.3,2.2,4.4,3.2,0.9000000000000004,1,2.3,4.2
134426:48,3.9,2.7,5.102499999999997,2.5,1.3,1.5,1.2,4
134479:41,5.4,4.3,6.4,4.6,0.5999999999999996,0.7000000000000002,4,5.3
13469:7,5.3,3.9,6.5,5.7,1.1000000000000005,1,4.6,6.7
135016:25,3.4,2.1,4.7,1.6,0.5,0.7999999999999998,1.1,2.4
135035:25,3.8,2.7,4.9,2.2,0.6000000000000001,0.5999999999999996,1.6,2.8
135381:35,4.7,3.3,6,5.2,0.7999999999999998,0.8999999999999995,4.4,6.1
135453:35,4.7,3.8,5.5,5.2,0.8025000000000002,0.7999999999999998,4.3975,6
135535:24,5.1,4,6,5.7,0.7000000000000002,0.7000000000000002,5,6.4
135551:31,3.6,2.6,4.8,4.9,1.4000000000000004,1.3024999999999975,3.5,6.202499999999998
136110:19,3.5,2.6,4.3,3,0.7999999999999998,1.0999999999999996,2.2,4.1
136126:11,2.9,1.9,4.2,3.1,0.8000000000000003,0.9999999999999996,2.3,4.1
136135:14,3.4,2.1,4.7,3.7,1.1,1,2.6,4.7
136180:24,4.8,3.7,5.8,5.8,0.7999999999999998,0.7000000000000002,5,6.5
136193:24,3.6,2.3,5,3.7,1.4000000000000004,1.4024999999999972,2.3,5.102499999999997
136205:15,2.7,2,3.6,2.2,0.7000000000000002,0.6999999999999997,1.5,2.9
136292:43,4.3,3.2975000000000003,5.2,4.1,1.1024999999999996,1,2.9975,5.1
136383:15,4,2.5975,5.3024999999999975,2.1,0.7000000000000002,0.7999999999999998,1.4,2.9
136539:14,5.5,4.2,6.5,5.8,0.5999999999999996,0.5,5.2,6.3
137317:74,4.1,3.2,5,5.2,1,0.8999999999999995,4.2,6.1
137619:16,2.4,1.2,3.7,2,0.6000000000000001,0.6024999999999978,1.4,2.602499999999998
137794:5,4.6,3.3,5.8,4.2,1.3025000000000002,1.2999999999999998,2.8975,5.5
138037:56,2.8,1.8,3.9,1.8,0.7,0.9000000000000001,1.1,2.7
138141:9,2.8,1.7,4,2.6,1.3025,1.4999999999999996,1.2975,4.1
138142:20,4.2,2.9,5.5,2.7,1.0000000000000002,1,1.7,3.7
138154:56,3.3,1.9,4.7,1.6,0.5,0.6000000000000001,1.1,2.2
138155:36,2.1,1.4,3.1,1.9,0.7,1,1.2,2.9
138174:28,2,1.4,2.7,1.7,0.5999999999999999,0.8,1.1,2.5
138291:103,2.9,1.8,3.9,3.5,1.2999999999999998,1.2999999999999998,2.2,4.8
138291:137,2.7,1.8,3.7,2.9,1.1024999999999998,1.3000000000000003,1.7975,4.2
138298:34,4.9,3.6,6.1,4.8,0.8999999999999999,0.9000000000000004,3.9,5.7
138340:30,4,2.9,5.202499999999998,4.4,1.2000000000000002,1.0999999999999996,3.2,5.5
138349:36,4,3,4.9,4,1.2999999999999998,1.3024999999999975,2.7,5.3024999999999975
138350:6,2.8,1.6,4,5.7,1.5,1.0999999999999996,4.2,6.8
138469:69,3.5,2.5,4.5,4.9,1.0000000000000004,0.8999999999999995,3.9,5.8
138703:48,4.8,3.5,5.9,4.9,1.3000000000000003,1.0999999999999996,3.6,6
138873:64,3.2,1.8,4.7,2.4,0.8999999999999999,1,1.5,3.4
138929:40,3.2,2.1975000000000002,4.2,2.7,1.2000000000000002,1.3999999999999995,1.5,4.1
138943:28,4.2,3,5.4,2.6,1.1,1.1999999999999997,1.5,3.8
139654:36,3.3,2,4.5,2.9,1,1,1.9,3.9
139682:16,3.5,2.5,4.7,2.6,0.9000000000000001,1.1,1.7,3.7
139729:13,2.6,1.8,3.6,2.2,0.6000000000000001,1,1.6,3.2
139739:24,4.9,4.3,5.4,1.5,0.30000000000000004,0.30000000000000004,1.2,1.8
13977:49,4.3,3.1,5.3024999999999975,5.1,1.1024999999999996,1.1000000000000005,3.9975,6.2
13983:93,1.7,1.1,2.5,1.8,0.40000000000000013,0.4999999999999998,1.4,2.3
139879:19,3.2,2.1,4.2,3,1.1,1.2999999999999998,1.9,4.3
140052:14,2.2,1.4,3.4,3.1,1.3,1.4999999999999996,1.8,4.6
140196:19,4.4,3.1,5.6,5.1,1.1999999999999997,0.9000000000000004,3.9,6
140415:37,3.5,2.1,4.9,2.6,1.1025,1.4,1.4975,4
140815:71,3.9,2.5,5.3,4.7,1.1,1.0999999999999996,3.6,5.8
140818:41,4.1,2.9,5.3,4.4,1.0000000000000004,1.0999999999999996,3.4,5.5
140818:55,1.4,1,2.2,5,1,0.7999999999999998,4,5.8
140921:16,3.2,2.4,4,4,1.5,1.5999999999999996,2.5,5.6
140964:11,4.1,3.2,5.1,3.4,0.8999999999999999,1.0024999999999982,2.5,4.402499999999998
141004:32,3.5,2.75,4.25,3.8,1.0999999999999996,1.1000000000000005,2.7,4.9
141287:39,4.1,2.8,5.4,3.7,1.2000000000000002,1.3999999999999995,2.5,5.1
141886:24,5.5,4.4,6.5,4.3,1.5999999999999996,1.5,2.7,5.8
141908:36,3.9,3.0975,4.702499999999998,5.3,1.0999999999999996,0.9000000000000004,4.2,6.2
141909:6,4.25,3.35,5.15,4.3,0.7999999999999998,0.7999999999999998,3.5,5.1
141921:54,2.7,1.6,4,3.5,1.1,1.2000000000000002,2.4,4.7
142083:38,5,3.9,5.9,4.4,1.2000000000000002,1.1999999999999993,3.2,5.6
142083:50,3.6,2.2,5,5.5,1.0999999999999996,0.9000000000000004,4.4,6.4
142141:14,4.8,3.7,5.8,3.4,1.1999999999999997,1.3000000000000003,2.2,4.7
142147:41,3.5,2.5,4.6,3.6,1.3000000000000003,1.4,2.3,5
142499:11,4.8,3.8,5.9,3.4,1.2999999999999998,1.3000000000000003,2.1,4.7
142780:82,1.2,1,1.6,1.6,0.6000000000000001,0.6999999999999997,1,2.3
142828:81,3.9,2.5,5.1,3.5,1,1,2.5,4.5
142849:33,4,3.25,4.85,2.1,0.8,0.7999999999999998,1.3,2.9
142965:19,3.4,2.4,4.7,4.2,1.4000000000000004,1.2999999999999998,2.8,5.5
143183:27,5.2,4.3,6,5.8,1,0.7999999999999998,4.8,6.6
143543:20,3.1,2.2,4,2.4,0.7999999999999998,1.1,1.6,3.5
143578:37,5,4.2,5.9,5.3,0.7999999999999998,0.7000000000000002,4.5,6
143722:15,5.6,4.4,6.5,5.9,0.6000000000000005,0.5999999999999996,5.3,6.5
143752:15,6.2,5.8,6.6,6.2,0.7000000000000002,0.5999999999999996,5.5,6.8
144063:31,4.1,2.8,5.2,5.2,1,0.9024999999999972,4.2,6.102499999999997
144511:39,5.8,4.9,6.502499999999998,5.8,1,0.7999999999999998,4.8,6.6
145009:13,5.2,4.1,6.3,5.2,1.1000000000000005,0.8024999999999975,4.1,6.002499999999998
145355:18,2,1.4,2.8,2.1,0.5025,0.6999999999999997,1.5975000000000001,2.8
145369:58,3.8,2.4,5.2,4.4,1.2025000000000001,1.202499999999997,3.1975000000000002,5.602499999999997
145433:59,2.4,1.4,3.4,4.1,1.2999999999999998,1.4000000000000004,2.8,5.5
145454:30,3.9,3.2,4.55,2.2,0.7000000000000002,0.7999999999999998,1.5,3
145536:63,4.5,3.1,5.8,5.6,0.5024999999999995,0.6000000000000005,5.0975,6.2
145552:67,1.7,1,2.7,2.1,1,1.6,1.1,3.7
145692:12,4.7,3.8,5.5,4,1.1,1,2.9,5
145722:97,4.7,3.5,5.7,5.6,0.8999999999999995,0.8000000000000007,4.7,6.4
145917:27,3.3,1.8,4.8,2.4,0.8024999999999998,1,1.5975000000000001,3.4
145945:125,4.6,3.4,5.6,2.9,1,1.1024999999999978,1.9,4.002499999999998
146091:18,3.3,2,4.8,3.1,1.2000000000000002,1.4999999999999996,1.9,4.6
146198:134,3.7,2.4,5,3.3,1.2999999999999998,1.5,2,4.8
146225:40,2.9,1.7,4.3,2.9,1.2,1.3000000000000003,1.7,4.2
14637:17,3.9,2.7,5.002499999999998,4,1.4,1.4000000000000004,2.6,5.4
14653:39,3.2,1.8975000000000002,4.8,2.8,0.8999999999999999,1.0024999999999977,1.9,3.8024999999999975
146544:24,3.8,2.8,4.7,3.1,1,1.1,2.1,4.2
146612:75,4.9,3.8975,5.8,4.9,1.2000000000000002,1.1999999999999993,3.7,6.1
146618:32,5.5,4.5,6.3,5.8,0.5,0.5,5.3,6.3
146619:59,3.2,2.2,4.2,3.2,1.3000000000000003,1.2999999999999998,1.9,4.5
146662:13,3.8,2.7,4.9,4.5,0.8999999999999999,0.9000000000000004,3.6,5.4
146710:44,5,4,6,4.2,1.1,1.2000000000000002,3.1,5.4
146829:11,5,3.9,5.9,4.2,1,0.8999999999999995,3.2,5.1
146901:15,3.1,2.1,4.3,1.7,0.5,0.5000000000000002,1.2,2.2
146901:36,4.2,3.3,5.1,3.1,0.8999999999999999,1.0024999999999973,2.2,4.102499999999997
146950:24,5.2,3.8,6.3,5.2,0.7999999999999998,0.7000000000000002,4.4,5.9
147067:15,4.9,3.7,5.9,5.5,1.2000000000000002,0.9024999999999981,4.3,6.402499999999998
147083:36,4,3,5,3.7,0.9000000000000004,0.8999999999999995,2.8,4.6
147237:51,3.8,2.6,5.1,3.1,0.8024999999999998,0.8999999999999999,2.2975000000000003,4
14724:29,3.2,2.1975000000000002,4.4,1.5,0.3999999999999999,0.3999999999999999,1.1,1.9
147291:12,2.7,1.9,3.7,2.3,0.7999999999999998,0.802499999999998,1.5,3.102499999999998
147337:25,2.9,1.8,4.1,2.7,0.9025000000000001,1.0999999999999996,1.7975,3.8
147340:7,6,5.4,6.6,6,0.7000000000000002,0.5999999999999996,5.3,6.6
147477:43,5.5,4.6,6.3,4.5,0.7000000000000002,0.7000000000000002,3.8,5.2
147582:28,5.2,4,6.1,6,0.9000000000000004,0.7000000000000002,5.1,6.7
147613:4,4.3,3,5.7,6,0.7000000000000002,0.5999999999999996,5.3,6.6
14769:69,3.7,2.5,4.9,3.4,1.1999999999999997,1.4,2.2,4.8
147754:50,4.8,3.6,5.9,3.5,1,1.2000000000000002,2.5,4.7
148130:31,4.6,3.5,5.6,5,0.7999999999999998,0.7000000000000002,4.2,5.7
148183:40,3,1.7,4.4,3.6,1.4,1.302499999999998,2.2,4.902499999999998
148200:15,4.8,3.5,5.9,3.7,1.3000000000000003,1.2999999999999998,2.4,5
14833:77,5,4.1,5.9,4.8,1.5999999999999996,1.6000000000000005,3.2,6.4
148355:8,5,4,6,4.6,0.7999999999999998,0.7024999999999979,3.8,5.3024999999999975
148372:13,5.3,4.3,6.202499999999998,6.6,0.39999999999999947,0.40000000000000036,6.2,7
148456:26,6.3,5.8,6.7,5.4,1.1000000000000005,1.0999999999999996,4.3,6.5
148463:10,4.4,2.9975,5.8,5.9,1.1000000000000005,0.8999999999999995,4.8,6.8
148529:15,3.3,2.4,4.2,4.6,1.2999999999999998,1.2000000000000002,3.3,5.8
148538:10,5.3,4.3,6.1,3.7,1.2000000000000002,1.2000000000000002,2.5,4.9
148561:14,5.1,3.8,6.2,5.5,0.9000000000000004,0.7999999999999998,4.6,6.3
148889:35,4.9,4,5.8,1.9,0.7,0.802499999999998,1.2,2.702499999999998
149148:54,4.4,3.1,5.6,3.6,0.8000000000000003,0.9024999999999976,2.8,4.502499999999998
149162:20,4.5,3.2,5.5,5.5,1,0.7999999999999998,4.5,6.3
149373:69,4.6,3.5,5.7,4.3,1.2999999999999998,1.2999999999999998,3,5.6
149427:7,4.4,3.1,5.7,4.7,0.8000000000000003,0.7999999999999998,3.9,5.5
149485:72,3.3,2.4,4.3024999999999975,3.4,1,0.8999999999999999,2.4,4.3
149669:184,4,2.9,5.1,4,1.2000000000000002,1.2999999999999998,2.8,5.3
14969:24,4.9,4.1,5.7,4.7,1.2000000000000002,1.0999999999999996,3.5,5.8
14969:33,4.9,3.8,5.9,4.9,1.1000000000000005,1.0999999999999996,3.8,6
149736:22,4.4,2.9,5.8,4.1,1.0999999999999996,1.2000000000000002,3,5.3
149748:21,4.2,3.2,5.1,6,0.40000000000000036,0.40000000000000036,5.6,6.4
149891:51,3.4,1.9,5,3.4,0.8999999999999999,0.8999999999999999,2.5,4.3
149904:6,3.7,2.8,4.7,2.4,0.7999999999999998,1.1,1.6,3.5
15021:56,3.8,2.5,5.002499999999998,2.6,1.2000000000000002,1.4999999999999996,1.4,4.1
15068:10,4.8,4,5.5,5.9,0.8000000000000007,0.5999999999999996,5.1,6.5
150826:22,5.1,4,6.1,5.5,0.7999999999999998,0.7999999999999998,4.7,6.3
151077:31,5.5,4.5,6.3,5.5,1.1025,0.9000000000000004,4.3975,6.4
151108:23,3,2,4,5.2,0.9000000000000004,0.7000000000000002,4.3,5.9
151138:37,3.1,2.1,4.2,4,1.2000000000000002,1.2000000000000002,2.8,5.2
151303:29,4.6,3.6,5.602499999999997,4.1,1.1999999999999997,1.2000000000000002,2.9,5.3
151338:21,5.6,4.1,6.7,5.6,0.7999999999999998,0.7000000000000002,4.8,6.3
151536:59,3.1,2.2,4.002499999999998,2.3,1.0999999999999999,1.4000000000000004,1.2,3.7
15155:80,3.3,1.9,4.7,2.7,1.0000000000000002,1.3024999999999975,1.7,4.002499999999998
152021:55,3.6,2.7,4.6,4.2,1.1,1.2000000000000002,3.1,5.4
152067:34,2.6,1.5,3.9,1.9,0.5999999999999999,0.8000000000000003,1.3,2.7
152067:55,2.6,1.6,3.7,1.7,0.7,0.8,1,2.5
15216:13,3.2,2.3,4.202499999999998,4.4,1.2000000000000002,1.2999999999999998,3.2,5.7
152280:24,4,2.8975,5.2,5.9,1.1000000000000005,0.6999999999999993,4.8,6.6
152284:11,5.4,4.4975000000000005,6.3,6.3,0.20000000000000018,0.2999999999999998,6.1,6.6
152359:98,4,3,5.2,4.6,0.7999999999999998,0.8000000000000007,3.8,5.4
15261:29,4.2,3.2975000000000003,5.1,4.6,1.1999999999999997,1,3.4,5.6
15261:95,1.7,1,2.6,4,0.8999999999999999,0.7000000000000002,3.1,4.7
15291:54,3.9,2.7,5.102499999999997,4.9,1.2000000000000002,1.0999999999999996,3.7,6
153105:51,2.8,1.8,3.8024999999999975,1.7,0.5,0.5999999999999999,1.2,2.3
153227:28,5.7,4.9975000000000005,6.4,5.4,1,0.7999999999999998,4.4,6.2
15332:88,2.9,2,4.1,1.9,0.8999999999999999,1.1,1,3
153721:83,5.5,4.2975,6.4,4.9,1.1000000000000005,1.0999999999999996,3.8,6
153747:33,5.5,4.6,6.4,5.2,1.3000000000000003,1.2999999999999998,3.9,6.5
153785:23,2.5,1.7,3.4,2.8,0.9999999999999998,0.9024999999999981,1.8,3.702499999999998
154094:15,5.5,4.5,6.4,6.1,0.5999999999999996,0.5024999999999977,5.5,6.602499999999997
154338:10,5.4,4.2,6.3,6.9,0.20000000000000018,0.09999999999999964,6.7,7
154517:48,5,3.7,6.2,4.8,0.8999999999999999,0.9000000000000004,3.9,5.7
154774:35,4.8,3.9975,5.602499999999997,5.6,1,0.8000000000000007,4.6,6.4
154986:45,3.4,2.2,4.702499999999998,2.4,1,1,1.4,3.4
155027:11,4.5,3.2,5.8,5.3,0.8999999999999995,0.7999999999999998,4.4,6.1
155085:10,3.4,2.3,4.6,2.6,0.9000000000000001,1,1.7,3.6
155092:75,3.2,1.9,4.6,2.6,1.1,1.1,1.5,3.7
155121:37,4.9,3.7,5.9,3.9,1.2999999999999998,1.3000000000000003,2.6,5.2
155148:17,5,4,5.7,5,1.1,0.9000000000000004,3.9,5.9
155201:43,3.5,2.5,4.6,3,0.7999999999999998,0.7999999999999998,2.2,3.8
15535:31,4.3,3.3,5.3,2.8,0.6999999999999997,0.8000000000000003,2.1,3.6
155408:25,3.3,2.1,4.6,3.6,1,0.9999999999999996,2.6,4.6
155436:87,2.9,2.3,3.6,2.7,0.8000000000000003,1,1.9,3.7
155471:9,1.5,1,2.2,5,1.1,1.2000000000000002,3.9,6.2
155521:29,3.5,2.3,4.7,4.6,0.8999999999999995,0.9000000000000004,3.7,5.5
155563:20,4.4,2.8,5.9,3.8,1.0999999999999996,1.2000000000000002,2.7,5
155741:63,5.4,4.3,6.3,6.1,0.40249999999999986,0.40000000000000036,5.6975,6.5
155746:10,5.2,4.2,6.1,5.2,1.2000000000000002,1.0999999999999996,4,6.3
155962:19,4.5,3.3,5.8,5.2,1.2000000000000002,1,4,6.2
156060:102,5.3,4.1,6.3,5.1,1.0999999999999996,1,4,6.1
156086:35,5.3,4.1,6.2,4.3,1.0999999999999996,1.1000000000000005,3.2,5.4
156465:52,3.3,2.2,4.4,2.3,0.5999999999999999,0.7000000000000002,1.7,3
156639:7,5.3,4.3,6.2,5.7,1.2000000000000002,1,4.5,6.7
156650:7,5.1,3.9,6.2,6,0.5999999999999996,0.5,5.4,6.5
156671:38,4,3,5.1,5.5,1.4000000000000004,1.0024999999999977,4.1,6.502499999999998
156697:32,5.6,4.4,6.4,6.1,0.8999999999999995,0.7000000000000002,5.2,6.8
156896:23,3.9,2.8,4.9,4.7,1,1,3.7,5.7
156938:9,5.7,4.9,6.4,5.9,1.0025000000000004,0.8024999999999975,4.8975,6.702499999999998
157049:37,1.5,1,2.5,5,1,1,4,6
15749:21,4.5,3.2,5.6,4.7,1.3000000000000003,1.2000000000000002,3.4,5.9
157516:9,6.1,5.7,6.5,4.7,1.4024999999999999,1.202499999999998,3.2975000000000003,5.902499999999998
157519:107,4,3,4.902499999999998,5.8,1.2999999999999998,1.1000000000000005,4.5,6.9
15755:34,4.8,3.4,6.1,5.3,1.5,1.2999999999999998,3.8,6.6
157934:65,3.3,2.3,4.3,2,0.5,0.6000000000000001,1.5,2.6
157961:33,3.4,2.2975000000000003,4.602499999999997,4.3,1,1,3.3,5.3
158120:17,4.5,3.7,5.4,5,1.1,1,3.9,6
158188:98,4.4,3.3,5.5,4.9,1.1000000000000005,1.0024999999999977,3.8,5.902499999999998
158215:60,3.3,2.1,4.7,2.7,1.1,1.2999999999999998,1.6,4
158261:43,3.8,2.5975,5,2.5,1,1.2000000000000002,1.5,3.7
158370:21,3,1.8,4.3,1.6,0.6000000000000001,0.7999999999999998,1,2.4
15843:18,4.5,3.1,5.7,4.3,1.1999999999999997,1.1000000000000005,3.1,5.4
158476:38,4.2,3,5.5,5.2,0.7999999999999998,0.7999999999999998,4.4,6
158511:44,2,1.4,2.7,3.2,1.2000000000000002,1.2999999999999998,2,4.5
158550:31,2.7,1.6,4,1.9,0.5,0.5,1.4,2.4
15870:42,4.1,3.0975,5.1,4.9,1.3000000000000003,1.1999999999999993,3.6,6.1
158966:17,4.5,3.3,5.5,6,0.5,0.5,5.5,6.5
15903:5,5,3.7,6,5.5,0.9000000000000004,0.7999999999999998,4.6,6.3
159110:25,4.4,3.3,5.5,5.1,0.7024999999999997,0.8000000000000007,4.3975,5.9
159124:81,3.4,2.3,4.6,4.1,1.2999999999999998,1.4000000000000004,2.8,5.5
159138:19,5.2,4.4,6.002499999999998,4.4,1.1000000000000005,1.1999999999999993,3.3,5.6
159146:13,5,3.6975000000000002,6.1,5,1,0.7999999999999998,4,5.8
159233:9,5.4,4.6,6.2,6.8,0.2999999999999998,0.20000000000000018,6.5,7
159263:34,3.2,2.1,4.2,4.2,1.4024999999999999,1.3999999999999995,2.7975000000000003,5.6
159281:32,5,3.9,6,2.2,0.5000000000000002,0.6999999999999997,1.7,2.9
159358:7,4.7,3.4,5.7,4.4,1.3000000000000003,1.1999999999999993,3.1,5.6
159588:39,5.7,4.6,6.6,6,0.7999999999999998,0.7000000000000002,5.2,6.7
159592:14,5.2,4,6.102499999999997,5.8,0.5024999999999995,0.5,5.2975,6.3
160087:28,2.2,1.4,3.2,2.6,0.8,1.1999999999999997,1.8,3.8
160087:35,2.7,1.9,3.6,2.5,1.1,1.202499999999998,1.4,3.702499999999998
16039:6,5.6,4.8,6.4,5.6,1.3999999999999995,1.1000000000000005,4.2,6.7
160477:87,3.6,2.5975,4.6,5.1,1.1999999999999997,1.1000000000000005,3.9,6.2
16054:41,4,2.7,5.202499999999998,3.1,1,0.8999999999999999,2.1,4
160595:7,4.5,3.6,5.3,5.8,0.7000000000000002,0.6000000000000005,5.1,6.4
160988:9,3.5,2.3,4.7,3,1.2,1.202499999999998,1.8,4.202499999999998
160993:10,4.2,2.9,5.5,4.3,0.8999999999999999,0.9000000000000004,3.4,5.2
160994:25,3.7,2.4,4.902499999999998,3.3,1.0999999999999996,1.1000000000000005,2.2,4.4
161001:72,4.2,3,5.4,3.1,1.2000000000000002,1.1999999999999997,1.9,4.3
161018:14,4.6,3.3,5.702499999999998,5.7,0.9000000000000004,0.7999999999999998,4.8,6.5
161045:13,5,3.6,6.2,6.4,0.40000000000000036,0.39999999999999947,6,6.8
161106:35,5.6,4.8,6.3,6,0.7000000000000002,0.7000000000000002,5.3,6.7
161183:38,4.1,3.1,5.3,3.7,1.3000000000000003,1.2999999999999998,2.4,5
161185:14,2.9,1.9,4.2,2.1,0.6000000000000001,0.7999999999999998,1.5,2.9
161281:21,4.9,3.5,6,5.2,0.9000000000000004,0.8999999999999995,4.3,6.1
161373:22,5.8,5.1,6.5,6.2,1,0.5999999999999996,5.2,6.8
161396:28,4.5,3.6,5.4,3,1,1.0999999999999996,2,4.1
161487:13,3,1.8,4.202499999999998,3.3,1.4,1.2999999999999998,1.9,4.6
161619:23,2.3,1.5,3.102499999999998,2.3,0.6999999999999997,0.7000000000000002,1.6,3
161653:6,5,3.9,6,5.5,1.2999999999999998,1,4.2,6.5
161668:20,5,4.4,5.6,5.4,1.2025000000000006,1,4.1975,6.4
162002:32,4.1,3.1,5.2,3.5,1.0025,1.2000000000000002,2.4975,4.7
16209:29,2.2,1.4,3.0024999999999977,2.5,0.8,1,1.7,3.5
16212:24,2.6,1.5,3.9,2.6,0.9000000000000001,1,1.7,3.6
16220:4,5.9,4.6,6.9,5.4,0.9024999999999999,0.7999999999999998,4.4975000000000005,6.2
162249:54,4.8,3.7,5.9,4.4,1.1000000000000005,1,3.3,5.4
162314:57,2.1,1,3.7,2.4,0.7999999999999998,0.9024999999999976,1.6,3.3024999999999975
163122:31,4,2.8,5.3024999999999975,2.5,0.8999999999999999,1.1,1.6,3.6
16318:47,4.2,3,5.3,2.9,1.0999999999999999,1.3000000000000003,1.8,4.2
163188:16,2.6,1.7,3.5,3.2,0.9000000000000004,1.2000000000000002,2.3,4.4
16319:19,3.8,2.5,5.1,3.9,1,1.0000000000000004,2.9,4.9
163234:34,5.5,4.7,6.3,6.2,0.6000000000000005,0.5999999999999996,5.6,6.8
163289:195,2.4,1.6,3.5,2.8,1.4,1.7000000000000002,1.4,4.5
163367:85,1.6,1.1,2.5,2.2,1.0000000000000002,1.1024999999999974,1.2,3.3024999999999975
163414:55,3.6,2.5,4.8,4.3,1.1999999999999997,1.202499999999998,3.1,5.502499999999998
16349:60,5.4,4.3,6.4,5.5,0.9000000000000004,0.7024999999999979,4.6,6.202499999999998
163528:86,3.8,2.5,5.1,2.8,1.1999999999999997,1.2999999999999998,1.6,4.1
163703:15,5.3,4,6.3,5.8,0.7000000000000002,0.6000000000000005,5.1,6.4
1638:23,3.3,2.1,4.6,3.3,0.7999999999999998,0.9000000000000004,2.5,4.2
164038:17,2.1,1.3,3,2.1,0.6000000000000001,0.6000000000000001,1.5,2.7
164050:47,3.5,2.2,4.9,4.6,1.0999999999999996,1,3.5,5.6
164073:37,2.8,1.7,4.2,1.7,0.5999999999999999,0.7,1.1,2.4
164075:14,2.6,1.7,3.5024999999999977,2.1,0.6000000000000001,0.7999999999999998,1.5,2.9
164091:22,3.8,2.3,5.2,2.5,0.7,0.7999999999999998,1.8,3.3
164095:28,3.4,2.2,4.7,3,0.8024999999999998,1,2.1975000000000002,4
164110:55,3.6,2.4975,4.8,3.5,1.1,1.0999999999999996,2.4,4.6
16415:5,4.5,3.2975000000000003,5.8,5.3,1,0.9000000000000004,4.3,6.2
164185:22,3.2,2.1,4.4,4.3,1.4,1.3024999999999975,2.9,5.602499999999997
164259:34,3.8,2.4,5.1,5.4,1,0.8999999999999995,4.4,6.3
164345:22,6,4.7975,6.8,6.3,0.5999999999999996,0.5,5.7,6.8
164352:16,4.4,3.1,5.6,5.9,1.0025000000000004,0.7999999999999998,4.8975,6.7
164368:12,5,3.8975,5.8,6.8,0.39999999999999947,0.20000000000000018,6.4,7
164404:48,5.4,4.4,6.2,5.7,0.9000000000000004,0.8024999999999975,4.8,6.502499999999998
16456:40,2.8,1.8,3.702499999999998,3.7,1.1,1.2999999999999998,2.6,5
164770:133,4.6,3.8,5.2,3.9,1,1.0000000000000004,2.9,4.9
164858:59,4.2,3.1,5.4,4.6,1.4024999999999994,1.3000000000000007,3.1975000000000002,5.9
164949:21,2.9,2,3.8,4,1.2000000000000002,1.2999999999999998,2.8,5.3
165280:27,4.3,2.9,5.7,2.9,1.0999999999999999,1.3000000000000003,1.8,4.2
165513:41,5.4,4.5,6.1,4.4,1.3000000000000003,1.2999999999999998,3.1,5.7
165687:30,4.8,3.7,5.9,3.7,1,1.0999999999999996,2.7,4.8
16570:13,5,4,6,4.7,1,0.8999999999999995,3.7,5.6
165750:14,3.5,2.6,4.6,4.3,1.2999999999999998,1.4000000000000004,3,5.7
165858:16,5,4.1,5.8,6,0.2999999999999998,0.2999999999999998,5.7,6.3
16608:27,3.5,2.3,4.9,4.2,1.1,1.2000000000000002,3.1,5.4
166085:182,4.7,3.5,5.8,4.6,1.1999999999999997,1,3.4,5.6
166169:26,5.2,4,6.2,6.2,0.40000000000000036,0.39999999999999947,5.8,6.6
166177:13,5.5,4.2,6.5,4.4,0.8000000000000003,0.6999999999999993,3.6,5.1
16640:26,5.5,4.5,6.4,6,1.2999999999999998,0.9000000000000004,4.7,6.9
166453:10,2.8,1.7,4.1,2.1,0.8,1.1,1.3,3.2
166634:38,1.9,1.3,2.6,2.4,1.0999999999999999,1.3000000000000003,1.3,3.7
166762:101,5.2,4.4,5.9,3.3,1,1.1000000000000005,2.3,4.4
166774:13,3.9,3.0975,4.9,4.7,0.8000000000000003,0.7999999999999998,3.9,5.5
166799:28,5.6,4.4,6.5,5.6,0.9024999999999999,0.8000000000000007,4.6975,6.4
166806:63,2.9,1.9,4.1,3.7,1.4000000000000004,1.5,2.3,5.2
166817:15,3,2,4.1,1.8,0.6000000000000001,0.9000000000000001,1.2,2.7
166876:51,3.6,2.6,4.7,2.2,0.6000000000000001,0.6999999999999997,1.6,2.9
166903:55,5.2,4.3975,6.002499999999998,5.9,0.5,0.5,5.4,6.4
166971:48,4.3,3.2,5.5,3.5,1.1,1.2000000000000002,2.4,4.7
167015:43,3.7,2.5,4.7,2.8,0.8999999999999999,1.1,1.9,3.9
167037:72,4.1,2.8,5.3,2.4,0.8999999999999999,1.1,1.5,3.5
167299:10,3,1.9,4.2,3.2,1.3000000000000003,1.3999999999999995,1.9,4.6
167359:42,4.9,3.5,6.1,6.1,1.0999999999999996,0.9000000000000004,5,7
168216:15,4,3,5,3.1,0.8000000000000003,0.8999999999999999,2.3,4
168217:7,2.2,1.3,3.4,4.8,1.5,1.2000000000000002,3.3,6
168218:13,4.3,3.1,5.5,4.2,0.8025000000000002,0.8999999999999995,3.3975,5.1
168236:157,3.8,2.6,4.9,4,1,0.9000000000000004,3,4.9
168555:17,3.6,2.4,4.8024999999999975,1.6,0.5,0.5,1.1,2.1
168569:28,5.4,4.3975,6.4,6.2,0.7999999999999998,0.7000000000000002,5.4,6.9
168576:39,5.7,4.6,6.5,6.2,0.9000000000000004,0.7000000000000002,5.3,6.9
1686:32,3.9,2.9,4.8,2.4,1.0024999999999997,1.1024999999999978,1.3975000000000002,3.5024999999999977
168606:48,3.7,2.6,4.9,4.1,1.0999999999999996,1,3,5.1
168607:32,3.3,2.5,4.2,3.2,1.2000000000000002,1.2999999999999998,2,4.5
168823:14,3.8,2.8,4.9,2.1,0.7000000000000002,0.7999999999999998,1.4,2.9
168976:57,4.6,3.4975,5.7,3.8,1,0.7999999999999998,2.8,4.6
168977:55,5.2,3.9,6.1,5,1.2000000000000002,1,3.8,6
168982:36,4.9,3.7,6.1,5.2,0.7024999999999997,0.7000000000000002,4.4975000000000005,5.9
168991:40,4.9,3.9,5.8,5.6,1,0.9000000000000004,4.6,6.5
169024:29,2.1,1.3,3,3,1.0025,1.2999999999999998,1.9975,4.3
169028:53,3.2,2.2,4.2,4.5,1.2999999999999998,1.2000000000000002,3.2,5.7
169366:50,5.3,4.4,6.102499999999997,5.3,0.8999999999999995,0.7999999999999998,4.4,6.1
169714:12,3,1.8975000000000002,4.3,2,0.8999999999999999,1.1,1.1,3.1
169818:78,4,3.29875,4.75,3.3,1.1999999999999997,1.2999999999999998,2.1,4.6
169856:19,4.9,3.9,5.7,5.5,1.0999999999999996,0.9000000000000004,4.4,6.4
169857:78,3.2,1.9,4.5,3,1.2,1.2000000000000002,1.8,4.2
169890:62,5.1,4,5.9,5.8,1,0.7000000000000002,4.8,6.5
169898:50,3.7,2.6,4.9,1.9,0.5,0.5,1.4,2.4
169902:90,4.9,3.9,5.8,5.2,1.3000000000000003,1.0024999999999977,3.9,6.202499999999998
169939:81,4.7,3.5,5.8,3.5,0.7999999999999998,0.9000000000000004,2.7,4.4
170022:25,4.5,3.1,5.8,3.3,1.0999999999999996,1,2.2,4.3
17008:76,4.7,3.3,5.9,4.4,1.1000000000000005,1,3.3,5.4
170188:13,4.7,3.4975,5.8,4.4,1.4025000000000003,1.2999999999999998,2.9975,5.7
170188:22,4.2,2.6,5.7,4.5,1.2999999999999998,1.4000000000000004,3.2,5.9
170740:34,3.1,2.1,4.3,2.2,0.9000000000000001,1.0999999999999996,1.3,3.3
170859:54,3.4,2.1,4.7,2.8,0.7999999999999998,1,2,3.8
170937:25,6,5,6.8,6,1.0999999999999996,0.9000000000000004,4.9,6.9
171124:6,4.1,3,5.1,4.4,1.0000000000000004,1.0999999999999996,3.4,5.5
171199:29,2.8,1.8,3.9,3.4,1.5,1.6999999999999997,1.9,5.1
171282:63,4,2.8,5.3,5.6,1.0999999999999996,0.9000000000000004,4.5,6.5
171283:17,4,2.8,5.1,5,1.2000000000000002,1,3.8,6
171283:28,6.1,5.5,6.7,5.9,1,0.7999999999999998,4.9,6.7
171296:110,4.5,3.4,5.5,5.7,0.7000000000000002,0.5,5,6.2
171344:39,3.2,2.0975,4.4,1.9,0.5999999999999999,0.6024999999999978,1.3,2.5024999999999977
171678:13,3.2,2.1,4.5,2.2,0.8000000000000003,0.8999999999999999,1.4,3.1
171692:24,3.1,1.9,4.4,2.5,0.7,0.7999999999999998,1.8,3.3
171693:31,3.7,2.6,4.8,2.2,0.8000000000000003,1,1.4,3.2
171919:12,2.8,1.7,4,2,0.8,1,1.2,3
171919:19,1.8,1.0975000000000001,2.7,3.6,1.1,0.9999999999999996,2.5,4.6
171931:87,4.3,3.1,5.3,1.3,0.19999999999999996,0.30000000000000004,1.1,1.6
171967:54,5.1,4.4,5.8,6.2,0.6000000000000005,0.5,5.6,6.7
171972:37,4.3,3.2,5.5,5.9,1,0.7999999999999998,4.9,6.7
172002:14,4.1,3.2,5.002499999999998,5.8,0.5,0.40000000000000036,5.3,6.2
172225:11,4.4,3.3,5.4,3.6,1.2000000000000002,1.1999999999999997,2.4,4.8
172264:114,4.9,4.1,5.7,4.4,1.1000000000000005,1.0999999999999996,3.3,5.5
172589:128,3.8,2.5,4.9,1.9,0.3999999999999999,0.3999999999999999,1.5,2.3
172629:33,3.6,2.5,4.7,2.2,0.8000000000000003,1.1999999999999997,1.4,3.4
172656:9,5,3.7,6.1,6,0.5,0.5,5.5,6.5
173289:7,5.9,4.9,6.6,4.9,1.3000000000000003,1.1999999999999993,3.6,6.1
173724:18,6.2,5.4,6.8,6.2,0.7999999999999998,0.5999999999999996,5.4,6.8
173813:37,3.6,2.5,4.7,3.2,0.9000000000000004,0.7999999999999998,2.3,4
174160:14,5.4,4.6,6.2,4.5,1.1,1.0999999999999996,3.4,5.6
174196:39,3.7,2.6,4.8,2.3,0.5999999999999999,0.7000000000000002,1.7,3
174455:135,4.1,3.1,4.9,3.4,1.1999999999999997,1.4,2.2,4.8
174570:7,4.95,4.1,5.75,3.1,1.1,1.1,2,4.2
174581:22,4.1,3,5.1,2.9,1,1.1999999999999997,1.9,4.1
174864:19,3.3,2.3,4.4,2.5,1,1.1,1.5,3.6
174932:42,5.4,4.5,6.2,5.1,1,1,4.1,6.1
175399:7,4.7,3.8,5.5,4.6,0.9999999999999996,0.8000000000000007,3.6,5.4
17546:43,4.9,3.7,6.1,5.7,0.6000000000000005,0.5999999999999996,5.1,6.3
175669:10,5.5,4.7,6.2,5.8,0.7999999999999998,0.7000000000000002,5,6.5
175702:23,5.4,4.5,6.3,4.8,1.4,1.2000000000000002,3.4,6
175724:80,4.6,3.5,5.6,4,1.2000000000000002,1.202499999999998,2.8,5.202499999999998
176211:25,3.6,2.2975000000000003,5,3.4,1.4,1.5000000000000004,2,4.9
176324:16,3.1,1.7,4.5,2.1,0.6025,0.8024999999999975,1.4975,2.9024999999999976
176346:16,3.2,2.4,4,2.9,1.0024999999999997,1.1999999999999997,1.8975000000000002,4.1
176346:41,3.5,2.5,4.5,3.3,1.1999999999999997,1.2999999999999998,2.1,4.6
176628:53,4.1,3.1,5,1.9,0.7024999999999997,1.0024999999999977,1.1975000000000002,2.9024999999999976
176651:43,5.7,5.1,6.2,5.4,1.3000000000000007,1.1999999999999993,4.1,6.6
176780:98,3.8,2.4975,5.1,3,0.7000000000000002,0.7024999999999979,2.3,3.702499999999998
176908:22,3.2,1.8,4.7,2.8,0.9999999999999998,1.2000000000000002,1.8,4
176952:43,3.3,2.2,4.5,2.3,0.7999999999999998,0.8000000000000003,1.5,3.1
176960:92,4.3,3.1,5.5,3.9,1,1.0000000000000004,2.9,4.9
177013:13,4.3,3.2,5.5,2.4,0.7999999999999998,0.8999999999999999,1.6,3.3
177102:83,3.6,2.4,4.9,2.2,0.8000000000000003,1,1.4,3.2
177105:58,4.2,3.2,5.1,3.2,1.3000000000000003,1.2999999999999998,1.9,4.5
17721:21,3.3,2.1,4.5,1.5,0.3999999999999999,0.3999999999999999,1.1,1.9
177328:13,3.2,2,4.6,3.2,1,1.2000000000000002,2.2,4.4
177474:15,4.5,3.5975,5.4,4.4,1.2025000000000001,1.1999999999999993,3.1975000000000002,5.6
177493:13,3.1,2.4,3.8,2.2,1.0000000000000002,1.0999999999999996,1.2,3.3
18087:40,5.3,4,6.402499999999998,4.1,1.3999999999999995,1.2000000000000002,2.7,5.3
18285:38,2.5,1.6,3.5,1.8,0.40000000000000013,0.40000000000000013,1.4,2.2
18335:127,3.7,2.6,4.6,2.1,0.6000000000000001,0.6999999999999997,1.5,2.8
1843:22,4,2.9,5,4.2,1.3000000000000003,1.3999999999999995,2.9,5.6
18479:6,4.8,3.6975000000000002,5.8,5.9,0.6000000000000005,0.6999999999999993,5.3,6.6
18547:110,4.2,2.8,5.5,2.8,1.0999999999999999,1.1,1.7,3.9
18660:24,5.9,5.2,6.6,4.5,1,0.9000000000000004,3.5,5.4
19045:21,5.25,4.5,6,5.5,1.2000000000000002,0.9000000000000004,4.3,6.4
19161:75,4.3,3.0975,5.5,3.2,1.3000000000000003,1.5,1.9,4.7
19223:138,3.9,2.8,5.1,3.2,0.9024999999999999,1.0999999999999996,2.2975000000000003,4.3
19284:42,3.5,2.3975,4.502499999999998,3.3,1.4,1.6000000000000005,1.9,4.9
19295:81,2.7,1.8,3.7,2.5,1,1.2999999999999998,1.5,3.8
19360:7,5.2,3.9,6.2,5.2,1.4000000000000004,1.0999999999999996,3.8,6.3
1939:10,3,2,4.1,3.7,1.4000000000000004,1.3999999999999995,2.3,5.1
19474:11,2.3,1.4,3.3,2.5,0.7,0.7999999999999998,1.8,3.3
19697:27,5.9,4.7,6.7,5.3,1.2999999999999998,1,4,6.3
19728:11,4.2,3,5.4,2,0.6000000000000001,0.7999999999999998,1.4,2.8
19744:12,3.3,2.2,4.5,1.9,0.7,0.8999999999999999,1.2,2.8
19745:104,3.1,2,4.3,2.8,1.0999999999999999,1.1,1.7,3.9
1988:12,5.2,3.9,6.4,5.4,1.1000000000000005,0.8999999999999995,4.3,6.3
19933:5,5.4,4.4,6.2,5.8,0.7999999999999998,0.7999999999999998,5,6.6
19999:14,5.9,4.6975,6.7,5.9,0.40000000000000036,0.5,5.5,6.4
20045:19,3.2,2.5,4,3.3,1.0024999999999995,1.0024999999999977,2.2975000000000003,4.3024999999999975
2006:5,6.2,5.7,6.6,5.8,1,0.7999999999999998,4.8,6.6
20142:232,2.5,1.6,3.6,3.7,1.1,1.0999999999999996,2.6,4.8
20170:26,4.2,3.1,5.2,3.1,1,1.1,2.1,4.2
20176:47,4.7,3.6975000000000002,5.7,4.4,1.3000000000000003,1.0999999999999996,3.1,5.5
20307:42,3.5,2.4,4.702499999999998,2.4,1,1.1,1.4,3.5
20718:26,4.1,2.9,5.1,4.9,1.3000000000000003,1.1999999999999993,3.6,6.1
20722:22,4.7,3.4,5.9,2.5,0.6000000000000001,0.7000000000000002,1.9,3.2
20734:50,3.4,2.2,4.7,2.7,1.1,1.3999999999999995,1.6,4.1
20734:79,5.5,4.4,6.402499999999998,5.4,1.4000000000000004,1.0999999999999996,4,6.5
20838:36,4.2,3.1,5.2,2.7,0.9000000000000001,1.1999999999999997,1.8,3.9
20839:32,5.4,4.6,6.2,4.9,0.7000000000000002,0.6999999999999993,4.2,5.6
2100:38,3.1,2.5,3.8,2.2,0.9000000000000001,1.1999999999999997,1.3,3.4
21020:14,4.2,2.9,5.4,4.7,0.7000000000000002,0.5999999999999996,4,5.3
21123:14,5,4.1,5.8,4.9,1.2000000000000002,1,3.7,5.9
2180:39,5.8,5.3,6.2,3.5,1.2999999999999998,1.2999999999999998,2.2,4.8
2199:135,4.6,3.3,5.8,3.1,1.3,1.3000000000000003,1.8,4.4
22018:5,5.4,4.3,6.3,6.3,0.7999999999999998,0.6000000000000005,5.5,6.9
22419:43,3.2,2.2,4.4,4.2,1.2000000000000002,1.0999999999999996,3,5.3
22630:77,5.1,3.7,6.3,4.2,0.8000000000000003,0.8024999999999975,3.4,5.002499999999998
22656:29,3,2.1975000000000002,4,3.2,1.2000000000000002,1.202499999999998,2,4.402499999999998
22657:23,3.9,2.4,5.4,3.2,1,0.8999999999999995,2.2,4.1
22696:54,3.8,2.6,5.002499999999998,4.6,1.3024999999999993,1.2000000000000002,3.2975000000000003,5.8
22799:53,3.3,2.5,4.1,2.1,0.7000000000000002,0.7999999999999998,1.4,2.9
22932:13,3.7,2.7,4.8,2.6,0.7000000000000002,0.7024999999999975,1.9,3.3024999999999975
22933:25,3.4,2.4,4.4,4,1,0.9000000000000004,3,4.9
22992:33,5.3,4.8,5.8,5.7,0.6000000000000005,0.5999999999999996,5.1,6.3
23017:54,3.6,2.5,4.7,2.2,0.9000000000000001,1.0999999999999996,1.3,3.3
2335:27,4.4,3.2975000000000003,5.3,3.8,1.1999999999999997,1.1000000000000005,2.6,4.9
2345:21,4.1,3.3,4.7,5.1,0.7999999999999998,0.8000000000000007,4.3,5.9
2345:39,3.3,2.1,4.7,3.4,1,0.8999999999999999,2.4,4.3
23510:57,4.1,2.5,5.6,4.3,1.4,1.2000000000000002,2.9,5.5
23630:11,4.4,3.3,5.4,3.9,1.4,1.3000000000000003,2.5,5.2
23634:28,4,2.6,5.5,2.3,0.9999999999999998,1.1,1.3,3.4
23641:34,4,2.8,5.0049999999999955,5.5,1.0999999999999996,0.9000000000000004,4.4,6.4
23861:102,3.9,2.8,4.902499999999998,3,0.8999999999999999,1,2.1,4
23861:130,3.2,1.9,4.7,1.4,0.3999999999999999,0.6000000000000001,1,2
23951:137,3.5,2.5,4.6,4.5,1.1,1.0999999999999996,3.4,5.6
23994:24,4.6,3.3975,5.8,4.7,1.3000000000000003,1.2000000000000002,3.4,5.9
24055:33,4,2.9,5.2,5.1,1.2024999999999997,1.2000000000000002,3.8975,6.3
24056:22,4.1,2.8,5.3,3.4,1,1.0000000000000004,2.4,4.4
24192:41,2.7,1.6,4,3.4,1.1024999999999996,1.1,2.2975000000000003,4.5
24388:44,3.6,2.4,4.8,2.1,0.7000000000000002,0.8999999999999999,1.4,3
24418:16,2.1,1.2,3.1,1.9,0.5999999999999999,0.7000000000000002,1.3,2.6
24421:47,4,2.8975,5.4,1.9,0.6024999999999998,0.8999999999999999,1.2975,2.8
24421:69,4.7,3.7,5.6,4,1.2999999999999998,1.3024999999999975,2.7,5.3024999999999975
24443:14,4.5,3.4,5.6,4.6,0.8999999999999995,0.9000000000000004,3.7,5.5
2454:46,3.6,2.4,5,3.6,1,1.1,2.6,4.7
24580:124,4.2,3,5.3,4,1.2024999999999997,1.2000000000000002,2.7975000000000003,5.2
24771:51,5.2,3.9,6.3,5.2,0.5,0.39999999999999947,4.7,5.6
24802:122,3.9,3.1,4.8,3.3,1,1,2.3,4.3
24846:25,3.9,2.6,5.1,5.4,1.1000000000000005,0.8999999999999995,4.3,6.3
24959:32,3.8,2.6,5.1,2,0.6024999999999998,0.7999999999999998,1.3975000000000002,2.8
24962:14,3.5,2.7,4.4,5.6,1.2024999999999997,1,4.3975,6.6
25010:18,3,1.9,4.2,2.6,0.9000000000000001,1.1999999999999997,1.7,3.8
25273:85,4.3,2.9,5.5,4.8,0.8999999999999999,0.9000000000000004,3.9,5.7
25479:56,3,1.9,4.2,2.3,0.7999999999999998,0.9024999999999981,1.5,3.202499999999998
25608:31,4.7,3.5,5.8,4.1,1.1999999999999997,1.1000000000000005,2.9,5.2
2582:17,3.8,2.4,5.2,4.3,1.0999999999999996,1,3.2,5.3
26057:49,3.4,2.4,4.6,2.5,0.8,0.8999999999999999,1.7,3.4
26291:55,4.4,3.4,5.2,5,1.1,1,3.9,6
26735:64,4.7,3.4975,5.8,3.4,1,1.0000000000000004,2.4,4.4
26819:29,3.9,2.8,5,3.5,1,1.0999999999999996,2.5,4.6
26977:14,4.8,3.6,5.9,4.9,1.3000000000000003,1.2999999999999998,3.6,6.2
27056:5,5.1,3.8,6.2,6.4,0.40000000000000036,0.39999999999999947,6,6.8
27147:10,5,3.7,6,4.9,1.3000000000000003,1.2999999999999998,3.6,6.2
2722:7,5.8,4.9,6.5,5.4,1.1000000000000005,1.0999999999999996,4.3,6.5
27330:65,3.9,2.8,4.9,4.4,1.3000000000000003,1.2999999999999998,3.1,5.7
27507:15,2.6,1.9,3.5,2.3,0.6999999999999997,0.7024999999999979,1.6,3.0024999999999977
2767:14,4.3,3,5.502499999999998,5.9,0.6000000000000005,0.39999999999999947,5.3,6.3
27683:75,3.8,2.6,5.1,6.1,1,0.8000000000000007,5.1,6.9
27773:13,5.1,3.9,6.1,5.9,0.8000000000000007,0.5999999999999996,5.1,6.5
27780:99,4.6,3.2,5.6,5,1,1,4,6
27798:15,4.5,3.5,5.2,4.1,1.1999999999999997,1.2000000000000002,2.9,5.3
27799:10,2.7,1.9,3.7,3.5,1.2000000000000002,1.2999999999999998,2.3,4.8
27803:45,3.2,2.0975,4.4,2.5,1.1,1.2999999999999998,1.4,3.8
27808:28,5.1,4.1,6.1,5.2,0.9000000000000004,0.8999999999999995,4.3,6.1
27864:37,4.8,3.6,5.9,6.1,0.5,0.5,5.6,6.6
28274:4,5.3,4.2,6.2,5.9,0.5,0.5999999999999996,5.4,6.5
28335:95,4,2.9,5.1,4.5,1.2000000000000002,1.2000000000000002,3.3,5.7
28597:28,4,2.8,5.102499999999997,4.4,1.0000000000000004,0.8999999999999995,3.4,5.3
28711:26,5.1,3.7975000000000003,6.3,5.6,1,0.8000000000000007,4.6,6.4
28734:50,2.3,1.3975000000000002,3.3,1.7,0.7,1.0000000000000002,1,2.7
29177:102,2.1,1.3,3,2.2,0.8000000000000003,1,1.4,3.2
29177:21,4.5,3.2,5.7,2.8,0.9999999999999998,1,1.8,3.8
29180:50,4,2.8,5.2,3.7,1,1.2000000000000002,2.7,4.9
29208:96,3.2,2,4.6,3.4,0.8999999999999999,0.8999999999999999,2.5,4.3
29227:52,3,1.9,4.5,2.7,1.0000000000000002,1.0999999999999996,1.7,3.8
29326:35,4,2.9,5.202499999999998,2.7,0.8025,0.8999999999999999,1.8975000000000002,3.6
29385:35,3.1,1.9,4.2,2.9,1.0999999999999999,1.0024999999999977,1.8,3.9024999999999976
29410:26,3.8,2.5,5.1,2.6,1,1.1999999999999997,1.6,3.8
29416:66,5.3,4.4,6.2,6.1,0.5,0.5,5.6,6.6
29611:17,3.8,2.5,5.1,3.1,1.1,1.4,2,4.5
29678:24,3.3,2.3,4.4,3.4,1.1,1.3000000000000003,2.3,4.7
30001:7,4.5,3.2975000000000003,5.6,4.8,1.4,1.2000000000000002,3.4,6
30391:26,2,1,3.4,5.2,1,1,4.2,6.2
30391:38,4.6,3.7,5.5,4.8,1.2999999999999998,1.2000000000000002,3.5,6
30428:73,4.2,3.1,5.4,4.1,1.0999999999999996,1,3,5.1
30438:27,2.9,2.2,3.5,3.9,1.1999999999999997,1.1999999999999997,2.7,5.1
30439:48,3.9,2.8,5,3.6,1.1,1.1,2.5,4.7
30493:38,2.6,1.8,3.6,2.5,1.1,1.2999999999999998,1.4,3.8
30504:13,3.5,2.2,4.7,4.1,1.2999999999999998,1.3000000000000007,2.8,5.4
30596:33,3,1.8,4.3,2.9,0.8999999999999999,0.8999999999999999,2,3.8
30872:58,2.4,1.6,3.4,2.4,0.5024999999999997,0.6000000000000001,1.8975000000000002,3
30987:12,5.2,4.0975,6.2,5.2,1.3000000000000003,1.0999999999999996,3.9,6.3
31080:59,4.6,3.7975000000000003,5.4,5,1.2000000000000002,1,3.8,6
31080:8,1.6,1,2.5,5.3,0.8024999999999993,0.7999999999999998,4.4975000000000005,6.1
31180:170,4.6,3.3,5.9,3.7,1,1.0999999999999996,2.7,4.8
31180:58,4.3,3,5.6,4,1.5025,1.5999999999999996,2.4975,5.6
31195:47,5.3,4.3975,6.1,5.6,0.7999999999999998,0.6024999999999983,4.8,6.202499999999998
31254:36,6.1,5,6.8,5.7,1.2999999999999998,1,4.4,6.7
31271:110,5.1,4.2,6,3.8,1.1024999999999996,1.2000000000000002,2.6975000000000002,5
31278:24,2.5,1.7,3.6,2.8,0.9999999999999998,1.1,1.8,3.9
31279:10,2.9,2,3.9,4.3,1.4,1.4000000000000004,2.9,5.7
31317:82,3.7,2.7,4.7,3.9,1.4,1.3000000000000003,2.5,5.2
31480:39,4.3,3.4,5.2,3.3,1,1.2000000000000002,2.3,4.5
31489:41,4.8,3.8,5.7,5.4,1.1000000000000005,1,4.3,6.4
31533:12,2.4,1.6,3.3,2.5,0.8,1,1.7,3.5
31917:13,2.5,2,3.1,2.3,0.8999999999999999,1.2000000000000002,1.4,3.5
31987:28,3.5,2.5,4.4,1.7,0.5999999999999999,1.0999999999999999,1.1,2.8
32005:38,3.3,2.3,4.3,2,0.6000000000000001,0.6024999999999978,1.4,2.602499999999998
32071:143,3.8,2.7,5,2,0.5025,0.6000000000000001,1.4975,2.6
3209:48,3.6,2.5975,4.6,3.6,1,0.9999999999999996,2.6,4.6
3226:17,3.6,2.5,4.7,2.3,0.9999999999999998,1.2000000000000002,1.3,3.5
32577:19,3.8,2.5,5.2,3,1.2,1.4000000000000004,1.8,4.4
32577:41,3.1,1.9,4.3,3.9,1.4,1.302499999999998,2.5,5.202499999999998
32704:46,2.7,1.9,3.5,4,1.2999999999999998,1.4000000000000004,2.7,5.4
32809:15,3.7,2.5975,4.8,4.1,0.8999999999999995,0.9000000000000004,3.2,5
32931:10,2.5,1.5,3.602499999999998,3,0.7024999999999997,0.8999999999999999,2.2975000000000003,3.9
32942:10,2.1,1.7,2.5,2.5,1.2,1.4024999999999976,1.3,3.9024999999999976
32953:16,3.6,2.5,4.8,2.9,0.7999999999999998,0.8999999999999999,2.1,3.8
32953:43,3.8,2.4,5.3,2.5,0.8999999999999999,1,1.6,3.5
32957:13,4.2,3,5.5,3.7,1,1.0999999999999996,2.7,4.8
3297:34,5.7,4.7,6.5,6.3,0.7000000000000002,0.6000000000000005,5.6,6.9
32977:37,3.4,2.2,4.8024999999999975,3.6,1.2025000000000001,1.1999999999999997,2.3975,4.8
32983:19,3.3,2.5,4.2,2.9,1.0999999999999999,1.3000000000000003,1.8,4.2
33002:13,2.3,1.5,3.202499999999998,3.2,1,1.2000000000000002,2.2,4.4
33143:60,5.5,4.6,6.3,5.7,0.6000000000000005,0.5,5.1,6.2
33291:14,3.1,2,4.3,1.8,0.8,0.8,1,2.6
33345:49,3.1,2.1,4.002499999999998,1.9,0.7,1,1.2,2.9
33466:11,4.1,3.35,4.85,2.5,0.8999999999999999,1.1,1.6,3.6
3372:16,2.9,1.8,4.002499999999998,2.2,0.5000000000000002,0.5999999999999996,1.7,2.8
33859:9,4.5,3.5,5.4,3.8,1,1.1000000000000005,2.8,4.9
34149:38,3.1,2,4.2,2.4,1,1.2000000000000002,1.4,3.6
34501:47,3,2.3,3.6,5.2,1.2000000000000002,1,4,6.2
35085:21,3.4,2.5,4.3024999999999975,5.2,0.7999999999999998,0.7000000000000002,4.4,5.9
35130:35,3.9,2.6,5.3,4.7,1.1,0.8999999999999995,3.6,5.6
35565:48,4.6,3.6,5.6,2.9,1,1.1,1.9,4
35576:25,3.4,2.2,4.6,2.9,1.0999999999999999,1.5000000000000004,1.8,4.4
35674:29,3.8,2.7,4.9,3,1.3,1.402499999999998,1.7,4.402499999999998
35674:45,4.5,3.5,5.4,5.6,1.1999999999999993,0.9000000000000004,4.4,6.5
362:44,4.8,3.7,5.8,5,1.2999999999999998,1,3.7,6
36312:38,2.9,2,3.8,2.6,0.8,1,1.8,3.6
36420:35,4.2,3,5.3024999999999975,5.3,1.0999999999999996,0.9000000000000004,4.2,6.2
36600:32,2.9,1.6,4.2,3.3,1,1.2000000000000002,2.3,4.5
36611:16,5.7,4.8,6.502499999999998,5.8,0.39999999999999947,0.5,5.4,6.3
36612:7,3.7,2.3,5.2,4.7,1.1,1,3.6,5.7
36613:5,4.4,3.1,5.8,6.5,0.5,0.5,6,7
36621:7,4.6,3.6,5.6,5.5,1,0.7999999999999998,4.5,6.3
36737:8,5.9,4.9,6.6,5.4,0.9000000000000004,0.7999999999999998,4.5,6.2
36918:34,4.3,2.9975,5.7,5.6,1.0999999999999996,0.9000000000000004,4.5,6.5
37224:9,5,3.9,5.9,3.8,0.6999999999999997,0.7000000000000002,3.1,4.5
37263:24,4.4,3.1,5.6,2.6,0.7000000000000002,0.7999999999999998,1.9,3.4
37283:73,4.2,2.9975,5.5,4,1.1,1,2.9,5
37349:44,5.3,4.2,6.2,5.7,0.6025,0.5999999999999996,5.0975,6.3
37616:97,4.6,3.5,5.7,3.2,1,1.0999999999999996,2.2,4.3
37768:13,2.8,2,3.702499999999998,2.6,0.8,0.8999999999999999,1.8,3.5
37846:61,3.9,3,5,3.6,1.1,0.9999999999999996,2.5,4.6
3798:43,3.2,2.3,4.3,2.7,1.1,1.2999999999999998,1.6,4
38055:13,3.8,2.7,4.9,4.7,0.9000000000000004,0.8999999999999995,3.8,5.6
38063:54,3.5,2.2975000000000003,4.7,2.1,0.5,0.5,1.6,2.6
38581:37,5.1,3.9,6.4,4.4,1.2000000000000002,1.0999999999999996,3.2,5.5
38592:10,5.8,5.3,6.3,5.2,1.2000000000000002,1,4,6.2
38641:36,5.1,3.8,6.1,3.8,1.2999999999999998,1.2999999999999998,2.5,5.1
38641:72,4.5,3.6,5.3,4.8,1,1.1000000000000005,3.8,5.9
38651:29,3.8,2.7,5,4,1,1.0999999999999996,3,5.1
3878:16,2.9,1.8,4,2.1,0.7000000000000002,0.7999999999999998,1.4,2.9
38792:27,3.4,2.2,4.7,3.5,1.1,1.2000000000000002,2.4,4.7
38844:23,4.15,3.39875,4.951249999999999,4.4,1.4000000000000004,1.3999999999999995,3,5.8
38898:13,4.3,3.2975000000000003,5.3024999999999975,4.2,1.3000000000000003,1.2999999999999998,2.9,5.5
38919:40,2.3,1.6975000000000002,3,2.9,1.0999999999999999,1.1999999999999997,1.8,4.1
38927:18,3.2,2.2,4.2,2.2,0.8000000000000003,0.8999999999999999,1.4,3.1
38936:13,2.9,1.6,4.4,3.6,1.3000000000000003,1.3000000000000003,2.3,4.9
38947:33,4,3,4.9,2.6,1.1025,1.4,1.4975,4
38978:27,3.5,2.5,4.7,3.5,1.2000000000000002,1.0999999999999996,2.3,4.6
38991:16,2.4,1.2,3.7,4.5,1.2999999999999998,1.2000000000000002,3.2,5.7
39025:60,4.5,3.2,5.8024999999999975,5.1,1.2024999999999997,1.1000000000000005,3.8975,6.2
39035:20,3.7,2.6,4.8,3.5,1.4,1.402499999999998,2.1,4.902499999999998
39049:23,3.2,2.2,4.2,2.2,0.9000000000000001,1.0999999999999996,1.3,3.3
39130:54,4.4,3.1,5.6,5.1,1.1999999999999997,1.1000000000000005,3.9,6.2
39190:38,4.6,3.3,5.702499999999998,4,1.1,1.0999999999999996,2.9,5.1
39408:26,2.9,1.8975000000000002,4.002499999999998,3.1,0.7000000000000002,0.6000000000000001,2.4,3.7
39625:37,3.3,2.2,4.402499999999998,3.7,1.4000000000000004,1.3999999999999995,2.3,5.1
39653:15,2.9,1.9,4.002499999999998,2.9,1.3024999999999998,1.5000000000000004,1.5975000000000001,4.4
39753:27,4.8,3.7,5.7,3.5,1.2999999999999998,1.2999999999999998,2.2,4.8
39986:52,3.2,2.2,4.3,3.5,1.2999999999999998,1.2000000000000002,2.2,4.7
4008:21,4.8,3.8,5.7,5.4,1.2000000000000002,1,4.2,6.4
40634:72,1.9,1,3.1,4,1.2000000000000002,1.2000000000000002,2.8,5.2
40694:58,2.7,1.5,4.002499999999998,2,0.7,0.7999999999999998,1.3,2.8
40705:25,3.2,2.0975,4.502499999999998,1.5,0.5,0.7000000000000002,1,2.2
40951:7,4.9,3.4,6.1,5,1.1,1,3.9,6
41388:61,4.3,3.2,5.5,5.2,0.9000000000000004,0.8999999999999995,4.3,6.1
41566:22,4.2,2.9,5.5,1.9,0.5,0.5,1.4,2.4
41573:26,4.6,3.9,5.2,3.6,1.2000000000000002,1.1999999999999997,2.4,4.8
41717:66,5.8,5,6.4,6,0.7000000000000002,0.5999999999999996,5.3,6.6
42132:18,5.4,4.3,6.3,4.3,1.0999999999999996,1,3.2,5.3
42149:6,5.3,4.5,6,5.6,1.0999999999999996,1,4.5,6.6
42183:38,1.5,1,2.2,1.7,0.7,0.9000000000000001,1,2.6
42470:35,2.9,1.6,4.3,2.5,1,1.1,1.5,3.6
42623:15,5.7,4.8,6.5,6.1,0.8999999999999995,0.7000000000000002,5.2,6.8
42645:119,5.4,4.7,6.1,5.9,0.8000000000000007,0.6999999999999993,5.1,6.6
42653:25,2.4,1.3,4,5.3,1,1,4.3,6.3
43046:79,3.4,2.4,4.4,4,0.8999999999999999,1.0024999999999977,3.1,5.002499999999998
43407:11,4.6,3.7,5.5,4.2,0.9000000000000004,0.8999999999999995,3.3,5.1
43559:43,3,2.1,3.9,4.5,1.1,1.0999999999999996,3.4,5.6
43642:11,3.8,2.7,5,2.1,0.9000000000000001,1.1,1.2,3.2
43673:87,4.5,3.1,5.702499999999998,2.9,1.0999999999999999,1.1,1.8,4
43815:11,2.9,2.1,3.7,2.6,0.7000000000000002,0.7999999999999998,1.9,3.4
43837:14,2.8,1.9,3.8,3.4,1.1999999999999997,1.3000000000000003,2.2,4.7
43900:8,6,5.3,6.6,5.8,1,0.9000000000000004,4.8,6.7
44033:5,5.5,4.5,6.3,5.2,0.9000000000000004,0.9024999999999972,4.3,6.102499999999997
44119:16,4.3,2.9,5.6,5.2,0.7000000000000002,0.7999999999999998,4.5,6
4457:24,1.9,1,3.1,5.5,1.4000000000000004,1.2000000000000002,4.1,6.7
44694:37,4.6,3.2975000000000003,6.002499999999998,5.3,1.2000000000000002,1,4.1,6.3
4489:44,3.1,2.4,3.8,2.1,0.8,0.8999999999999999,1.3,3
4490:19,5.4,4,6.6,4.7,1.2000000000000002,1.0024999999999977,3.5,5.702499999999998
44903:37,2.1,1.3,3.2,2,0.6000000000000001,0.7000000000000002,1.4,2.7
44939:18,3.1,2.2975000000000003,4.1,1.9,0.8999999999999999,1.1,1,3
44952:36,4.9,3.9,5.7,5.1,1.2999999999999998,1.1000000000000005,3.8,6.2
45036:13,3.3,2.1,4.5,3,1.1,1.2000000000000002,1.9,4.2
45067:40,4.4,3.2,5.5,3.9,1.1,1.1,2.8,5
45071:17,4.5,3.1,5.9,4.6,1.3999999999999995,1.2000000000000002,3.2,5.8
45097:7,5.4,4.4,6.3,6.1,0.5999999999999996,0.5,5.5,6.6
45110:199,3.5,2.8,4.3,2.4,1,1.4,1.4,3.8
4528:7,5.9,5.3,6.4,6.6,0.39999999999999947,0.40000000000000036,6.2,7
4529:7,5.3,4.2,6.1,6.2,0.6000000000000005,0.5,5.6,6.7
456:25,4.6,3.3975,5.8,2.4,0.5999999999999999,0.7000000000000002,1.8,3.1
45790:32,4.6,3.5,5.7,3.2,0.9000000000000004,0.8999999999999995,2.3,4.1
46132:24,3.8,2.7,4.9,5.2,1.1000000000000005,1.0999999999999996,4.1,6.3
46244:16,5.1,3.9,6.1,5.8,1.0999999999999996,0.7999999999999998,4.7,6.6
46328:7,5.6,5.2,6.2,5.6,1,0.8000000000000007,4.6,6.4
46373:50,3.5,2.2,4.9,2.4,0.8999999999999999,1.2000000000000002,1.5,3.6
46441:47,3.8,3,4.7,3,0.7999999999999998,0.7999999999999998,2.2,3.8
46446:10,3.4,2.4,4.5,4.8,1.2999999999999998,1.2000000000000002,3.5,6
46609:15,3,1.9975,4.2,4.6,1.1999999999999997,1.2000000000000002,3.4,5.8
46965:16,4.1,3,5.1,3.5,1.2999999999999998,1.202499999999998,2.2,4.702499999999998
47147:12,3.6,2.3,4.8,1.8,0.6000000000000001,0.8,1.2,2.6
47182:40,1.7,1,2.7,1.7,0.3999999999999999,0.40000000000000013,1.3,2.1
47226:12,3.5,2.3,4.8,3,1,1.0999999999999996,2,4.1
47262:53,2.2,1.6,2.8,2.3,0.6999999999999997,0.8000000000000003,1.6,3.1
47270:33,4.7,3.7,5.6,5.5,0.9000000000000004,0.7999999999999998,4.6,6.3
47420:60,3.9,2.8,5,3.6,1.2000000000000002,1.1999999999999997,2.4,4.8
47430:120,4.4,3.3,5.5,3.3,1.2024999999999997,1.4000000000000004,2.0975,4.7
47593:18,2.7,1.6,4,2.9,1.2,1.4,1.7,4.3
47855:7,5.8,5,6.6,6.2,0.9000000000000004,0.7000000000000002,5.3,6.9
47856:7,4.9,3.8,5.9,5.7,0.9000000000000004,0.7000000000000002,4.8,6.4
4795:25,5.8,4.6,6.702499999999998,5.6,0.5,0.6000000000000005,5.1,6.2
48103:10,3.4,2.1,4.8,2.3,0.8999999999999999,1.1024999999999978,1.4,3.4024999999999976
48532:18,3.5,2.3,4.8,4.4,1.1000000000000005,1,3.3,5.4
48582:11,4.4,3.3,5.3,4.7,1.2000000000000002,1,3.5,5.7
48706:4,3.6,2.4,4.7,3.9,1.4,1.4,2.5,5.3
49551:24,3.9,2.8,5.1,2.7,1.2000000000000002,1.3999999999999995,1.5,4.1
49875:48,4,3.3975,4.7,4.1,1.1999999999999997,1.1000000000000005,2.9,5.2
49908:42,5.2,4.35,5.95,5.6,0.8999999999999995,0.9000000000000004,4.7,6.5
50235:53,4.4,3.2,5.5,2.3,0.6999999999999997,0.8000000000000003,1.6,3.1
50337:29,5.2,3.7,6.6,6.3,0.39999999999999947,0.40000000000000036,5.9,6.7
50370:29,4.6,3.4,5.7,5.7,1.2000000000000002,0.8999999999999995,4.5,6.6
50456:132,3.2,2.4,4.3,2.2,1.0000000000000002,1.1999999999999997,1.2,3.4
50706:31,4.1,2.8,5.4,4.4,1.1000000000000005,1,3.3,5.4
50719:6,6.2,5.8,6.6,5.7,0.7999999999999998,0.5999999999999996,4.9,6.3
50720:6,5.2,4.3,6.1,5.5,1.2999999999999998,1.0999999999999996,4.2,6.6
51340:81,4.4,3.1,5.6,4.2,1.3000000000000003,1.2000000000000002,2.9,5.4
5140:15,3.3,2.1,4.6,2.1,0.6000000000000001,0.6024999999999978,1.5,2.702499999999998
5156:27,3.8,2.5,4.9,2.6,0.9000000000000001,1,1.7,3.6
51562:11,4.6,3.5,5.7,2.6,1,1.1999999999999997,1.6,3.8
51582:32,5.6,5,6,5,0.9000000000000004,0.9000000000000004,4.1,5.9
51876:10,4.6,3.2,6,3.2,1.2000000000000002,1.2000000000000002,2,4.4
52283:13,5.9,5.2,6.6,6,0.5999999999999996,0.5999999999999996,5.4,6.6
52983:20,3.2,2.1,4.7,2.6,1,1.2999999999999998,1.6,3.9
53223:87,2.7,1.6,4,2,0.8,0.8999999999999999,1.2,2.9
53389:28,4.1,2.8,5.3,3.9,1.1999999999999997,1.2024999999999975,2.7,5.102499999999997
53598:10,2.8,1.7975,3.9,2.6,1,1.1999999999999997,1.6,3.8
53602:9,4,2.8,5.2,3.4,1.4,1.5000000000000004,2,4.9
53606:58,3.3,2.1,4.4,1.8,0.40249999999999986,0.4999999999999998,1.3975000000000002,2.3
53610:9,4.2,3,5.3,3.1,1.1,1.1,2,4.2
53626:13,2.7,1.7,3.9,2.7,1.1,1.3999999999999995,1.6,4.1
5366:34,4.9,3.6975000000000002,5.9,5.3,1.2024999999999997,1.0024999999999977,4.0975,6.3024999999999975
53690:14,4.5,3.6975000000000002,5.3,4.7,1,1,3.7,5.7
53912:14,5.8,5.1,6.3,4.6,0.9999999999999996,0.9000000000000004,3.6,5.5
53913:6,5.5,4.5975,6.3,5.6,1.1999999999999993,1,4.4,6.6
54017:18,3.3,1.9,4.7,1.8,0.6000000000000001,0.8,1.2,2.6
54373:11,4.4,3.3,5.4,5,1.2999999999999998,1.2999999999999998,3.7,6.3
54511:40,2.5,1.6,3.6,2.5,1.1,1.4024999999999976,1.4,3.9024999999999976
5480:20,4.7,3.4,5.9,5,1.1025,1.2000000000000002,3.8975,6.2
54840:11,4.3,2.9,5.602499999999997,3.7,1.2000000000000002,1.2000000000000002,2.5,4.9
54865:37,2.6,1.4,4,2,0.6000000000000001,0.7000000000000002,1.4,2.7
55028:10,5.2,4.2,6,5.1,1.1024999999999996,1,3.9975,6.1
55078:22,2.7,1.7,4,4.2,1.3000000000000003,1.3999999999999995,2.9,5.6
55120:15,2.6,1.9,3.4,1.9,0.5999999999999999,0.6000000000000001,1.3,2.5
55159:38,3.8,2.8975,4.8,3.9,1.1999999999999997,1.1999999999999997,2.7,5.1
55219:110,4.5,3.7,5.2,4.7,0.9000000000000004,1,3.8,5.7
55284:85,5.4,4.2,6.3,5.6,1,0.7000000000000002,4.6,6.3
55311:27,6.2,5.6,6.7,5.8,1,0.7000000000000002,4.8,6.5
55386:25,4.6,3.2,6,4.2,1.2000000000000002,1.0999999999999996,3,5.3
55892:50,4.7,3.2,6.1,5.1,1.1999999999999997,1.1000000000000005,3.9,6.2
55919:10,5.8,5.1,6.4,4.3,1.2999999999999998,1.2000000000000002,3,5.5
55919:15,4,2.8,5.102499999999997,4,1.1,1.0999999999999996,2.9,5.1
55920:12,3.2,2.1,4.4,2.8,0.7999999999999998,0.8000000000000003,2,3.6
55933:33,2.9,1.6,4.3,1.4,0.3999999999999999,0.6000000000000001,1,2
55947:53,2.9,2,3.8,2.4,0.8999999999999999,1.1024999999999978,1.5,3.5024999999999977
56003:40,3.9,2.6,5.102499999999997,1.9,0.5999999999999999,0.6000000000000001,1.3,2.5
56053:54,3.1,1.7,4.502499999999998,3.4,1,1.1999999999999997,2.4,4.6
56072:31,3.9,3.1,4.7,3.1,1.2000000000000002,1.3000000000000003,1.9,4.4
56101:53,3.9,2.8,5,3.7,1,1,2.7,4.7
56109:69,5.2,4.4,6,4.2,1,0.8999999999999995,3.2,5.1
56132:85,2.8,1.9,3.9,3.6,1.1,0.9999999999999996,2.5,4.6
56198:25,3.1,2.1,4.3,3.6,1.4,1.4,2.2,5
56203:18,4.7,3.4,5.9,3.8,1.1999999999999997,1.2000000000000002,2.6,5
56317:78,4.2,3,5.4,2.5,1.1,1.2999999999999998,1.4,3.8
56319:15,4.8,4,5.5,3.2,1.2000000000000002,1.3999999999999995,2,4.6
56417:25,2.5,1.7,3.4,2.1,0.9000000000000001,1,1.2,3.1
56656:83,2.8,1.7,3.9,2.2,0.8000000000000003,0.8999999999999999,1.4,3.1
56683:20,4.7,3.4,6,2.9,1.0999999999999999,1.1,1.8,4
56809:31,3.6,2.3,4.9,3.8,1.0999999999999996,1.1000000000000005,2.7,4.9
56842:9,5.6,4.4,6.6,6.2,0.5,0.5,5.7,6.7
56897:6,4.9,4.1,5.602499999999997,5.2,1.2000000000000002,1.0999999999999996,4,6.3
57069:61,5.1,3.5,6.5,4.5,1.5,1.2999999999999998,3,5.8
57403:47,2.7,1.6,3.9024999999999976,2.2,0.9000000000000001,1.0024999999999977,1.3,3.202499999999998
57643:110,3.7,2.4,5.1,2.5,0.8999999999999999,1.1,1.6,3.6
57651:63,4.4,3.1,5.7,4.9,0.9000000000000004,0.7999999999999998,4,5.7
57861:27,3.8,2.5975,5,4.6,1.2999999999999998,1.1024999999999983,3.3,5.702499999999998
57998:87,4.2,2.8975,5.4,4.3,1.1999999999999997,1.2999999999999998,3.1,5.6
58800:5,5.6,4.5,6.7,5.3,1.0999999999999996,1,4.2,6.3
58962:27,5.8,5.2,6.4,5.8,0.8999999999999995,0.7000000000000002,4.9,6.5
59544:10,6,5.4,6.5,4.7,1.2000000000000002,1.0999999999999996,3.5,5.8
59652:37,3.4,2.3,4.6,2.7,1.1,1.2024999999999975,1.6,3.9024999999999976
59895:11,2.6,1.6,3.7,2.2,0.9000000000000001,0.8999999999999999,1.3,3.1
59953:42,4.7,3.4,5.9,4.5,1.2000000000000002,1.2000000000000002,3.3,5.7
60034:130,3.5,2.4,4.7,3,1,1,2,4
60333:19,3.2,2.3,4.1,2.6,0.7000000000000002,0.6999999999999997,1.9,3.3
60662:8,4.3,3,5.3,4.6,1.0999999999999996,1,3.5,5.6
60699:26,2.5,1.7,3.4,2.7,0.6000000000000001,0.5999999999999996,2.1,3.3
60926:36,3,2.1,4.002499999999998,1.9,0.7999999999999998,1.1,1.1,3
60960:37,2.7,1.9,3.602499999999998,3.4,1.1999999999999997,1.5000000000000004,2.2,4.9
61000:7,5.8,4.7,6.6,5.5,0.7999999999999998,0.7000000000000002,4.7,6.2
61208:34,5.7,4.6,6.6,5.7,1.2000000000000002,0.8999999999999995,4.5,6.6
61538:39,2.2,1.4,3.3,3.4,1.2999999999999998,1.4024999999999976,2.1,4.8024999999999975
61752:73,2.3,1.6,3.0024999999999977,3.3,1.1999999999999997,1.4000000000000004,2.1,4.7
61917:28,4,2.6,5.4,2.8,0.7999999999999998,1,2,3.8
62101:38,4.9,3.5,6.2,5.9,0.7000000000000002,0.5999999999999996,5.2,6.5
62192:35,3.6,2.1,5.2,1.8,0.5,0.7,1.3,2.5
62437:24,3.6,2.2975000000000003,5,2.3,0.9999999999999998,1.1,1.3,3.4
62502:62,4.7,3.4,5.9,5.2,0.7000000000000002,0.7000000000000002,4.5,5.9
62581:54,4,3.4,4.7,3.6,1,1.1,2.6,4.7
62647:7,3.9,2.9,4.8,5.5,0.7999999999999998,0.7000000000000002,4.7,6.2
62690:49,4.5,3.7,5.3,3.5,1.2000000000000002,1.2999999999999998,2.3,4.8
62707:16,5.5,4.8,6.1,3.1,0.8000000000000003,0.7999999999999998,2.3,3.9
62717:78,3.8,2.7,4.8,2.6,0.9000000000000001,1,1.7,3.6
62767:31,3.3,2.4,4.4,3.2,1.3000000000000003,1.2999999999999998,1.9,4.5
62771:99,4.4,3.3,5.6,1.8,0.5,0.4999999999999998,1.3,2.3
63072:28,2.3,1.9,2.7,2.9,1,1.1,1.9,4
63076:40,4.3,3.5,5.1,2.6,0.8,0.7999999999999998,1.8,3.4
63108:7,5.8,4.6975,6.6,6.2,0.5,0.5,5.7,6.7
63221:32,5.2,4.4,5.9,4.3,1.0999999999999996,1.2000000000000002,3.2,5.5
63398:14,4.3,3.2,5.3,2.9,0.6999999999999997,0.802499999999998,2.2,3.702499999999998
63417:44,3.4,2.2,4.6,3.6,1.2000000000000002,1.1999999999999997,2.4,4.8
63606:10,5,4.1,5.8,6.2,0.5,0.5,5.7,6.7
63704:23,3.3,2.2,4.5,2.2,0.9000000000000001,1.1999999999999997,1.3,3.4
63816:17,4,2.7,5.3,2.1,0.7000000000000002,0.7999999999999998,1.4,2.9
63913:49,3.95,3.15,4.75,3.3,1.1999999999999997,1.2999999999999998,2.1,4.6
6395:54,3.6,2.5,4.602499999999997,2.3,0.4999999999999998,0.5,1.8,2.8
6396:60,4.3,3.0975,5.7,4,1.2999999999999998,1.2999999999999998,2.7,5.3
63963:80,4.9,3.6,5.9,4.5,1.2999999999999998,1.2999999999999998,3.2,5.8
6397:25,3.7,2.7,4.8,3.4,1.1,0.8999999999999999,2.3,4.3
6414:31,4.6,3.2975000000000003,5.7,3.7,1,1.2000000000000002,2.7,4.9
64299:18,2.4,1.4,3.7,2.3,0.6999999999999997,0.6024999999999978,1.6,2.9024999999999976
64564:10,3.5,2.1,5,1.8,0.6000000000000001,0.7,1.2,2.5
64610:17,3.3,2.1,4.5,3.8,1.2999999999999998,1.4000000000000004,2.5,5.2
64969:22,1.8,1.2,2.4,1.9,0.7,1,1.2,2.9
64969:34,2.9,1.7,4.2,1.4,0.2999999999999998,0.40000000000000013,1.1,1.8
65258:45,2.9,1.8,4.2,3.1,1.1025,1.1,1.9975,4.2
65357:5,5.3,4.1,6.3,4.9,1.2000000000000002,1,3.7,5.9
65454:12,2.4,1.8,3.2,2.6,1,1.1999999999999997,1.6,3.8
65668:54,4.9,3.4,6.202499999999998,5.3,1,0.9000000000000004,4.3,6.2
6581:42,4.8,3.7,5.8,5.3,0.7000000000000002,0.6000000000000005,4.6,5.9
65910:42,4.2,3.2,5.3,4.4,1.6000000000000005,1.4024999999999972,2.8,5.8024999999999975
65927:55,6.4,5.9,6.8,5.5,1,1,4.5,6.5
65989:12,2.2,1.5,3,2.8,1.1999999999999997,1.2000000000000002,1.6,4
65999:146,5.2,3.9975,6.2,5.9,1,0.7999999999999998,4.9,6.7
6607:30,5.4,4.4,6.4,5.8,0.7999999999999998,0.6000000000000005,5,6.4
66134:57,3.7,2.7,4.7,4.9,1.2000000000000002,1.0999999999999996,3.7,6
66483:25,5.1,4.1,6,5.7,1.2000000000000002,1,4.5,6.7
66700:13,5.7,4.6,6.6,6.2,0.6000000000000005,0.5,5.6,6.7
66700:68,5.6,4.6975,6.4,5.3,0.8024999999999993,0.7000000000000002,4.4975000000000005,6
66757:23,5.3,4.2,6.2,3.7,1.0025,1.0999999999999996,2.6975000000000002,4.8
66763:14,5.4,4.4,6.1,5.3,0.8999999999999995,1,4.4,6.3
66765:5,5,3.8,6,5.5,1.0999999999999996,0.9000000000000004,4.4,6.4
6686:28,3.5,2.4,4.7,4,1.1,1.0999999999999996,2.9,5.1
6686:61,2.8,2,3.6,1.8,0.7,0.9000000000000001,1.1,2.7
67111:45,4.3,3.3,5.4,5.2,0.7999999999999998,0.7000000000000002,4.4,5.9
67111:87,5.3,4,6.4,5.8,0.5999999999999996,0.6000000000000005,5.2,6.4
6720:24,3.6,2.6975000000000002,4.502499999999998,3.1,1.1,1.3000000000000003,2,4.4
67466:21,4,2.7975000000000003,5.2,3.4,1,1.2024999999999975,2.4,4.602499999999997
67607:18,4,2.6,5.4,3.6,1.4,1.4,2.2,5
67780:49,4.6,3.4,5.7,3.9,1.4,1.5000000000000004,2.5,5.4
67949:38,3.8,2.5,5.1,5.25,0.9500000000000002,0.9000000000000004,4.3,6.15
68658:113,5,4.1,5.9,5.7,0.9000000000000004,0.7999999999999998,4.8,6.5
68658:19,5.2,4.1,6.1,5.8,0.5999999999999996,0.6000000000000005,5.2,6.4
68757:42,3.9,2.9,4.9,2.6,1.0025,1.1999999999999997,1.5975000000000001,3.8
69408:35,3.4,2.3,4.5,2.2,0.8000000000000003,1,1.4,3.2
69672:11,3.2,2.4,4,2.9,0.8024999999999998,1,2.0975,3.9
69673:14,4.8,3.6,5.9,5,1.1,0.9000000000000004,3.9,5.9
69750:37,4.4,3.1,5.7,3.1,1.1025,1.1999999999999997,1.9975,4.3
70123:18,2.1,1.4,2.9,2.2,0.8000000000000003,1.1999999999999997,1.4,3.4
7017:34,4.6,3.5,5.7,5.6,1,0.9000000000000004,4.6,6.5
70200:18,2.9,1.9,4.1,2.1,0.9000000000000001,1.2999999999999998,1.2,3.4
70357:25,3.9,2.8975,4.8024999999999975,2.8,0.9024999999999996,1.1,1.8975000000000002,3.9
70612:21,5.6,4.8,6.4,4.4,1.2000000000000002,1.3999999999999995,3.2,5.8
70670:14,2.6,1.5,3.9,3.2,1.3000000000000003,1.2999999999999998,1.9,4.5
70703:18,4.6,3.4,5.6,2.4,1,1,1.4,3.4
70851:34,3.6,2.8,4.4,3.7,1.4000000000000004,1.5,2.3,5.2
7091:13,4,2.8,5.2,5.5,0.9000000000000004,0.7999999999999998,4.6,6.3
70974:78,3.2,2.1,4.3,4.1,1.3024999999999993,1.4000000000000004,2.7975000000000003,5.5
7100:11,4.2,3.2,5.2,6,1.0024999999999995,0.7999999999999998,4.9975000000000005,6.8
71046:43,6,5,6.8,6,0.5,0.5,5.5,6.5
71184:87,3.1,2,4.3,2.8,0.7999999999999998,0.9000000000000004,2,3.7
71201:52,4.4,3.2,5.6,4.3,1,0.9000000000000004,3.3,5.2
71222:34,4.1,2.7,5.402499999999998,2,0.5,0.6000000000000001,1.5,2.6
71287:32,5.1,4.1,6.1,5.2,1.2000000000000002,1,4,6.2
71321:4,6.1,5.5,6.6,6,0.5,0.5,5.5,6.5
71322:37,5.9,5.2,6.4,4.9,1.0000000000000004,1,3.9,5.9
71540:47,3.7,2.3,5.1,1.8,0.5,0.4999999999999998,1.3,2.3
71600:26,2.5,1.7,3.4,2.4,1,1.4,1.4,3.8
71923:14,3.4,2.3,4.4,3.1,0.8999999999999999,0.9999999999999996,2.2,4.1
71923:26,1.4,1,2.2,2.5,0.8999999999999999,0.9024999999999976,1.6,3.4024999999999976
72079:13,5,3.8,6.1,5.5,0.7999999999999998,0.7999999999999998,4.7,6.3
72090:7,5.5,4.4,6.4,5.8,1.0999999999999996,0.9000000000000004,4.7,6.7
72128:34,4.7,3.1,6.3,5.2,0.7000000000000002,0.7000000000000002,4.5,5.9
72160:27,3.6,2.6,4.6,2.6,1.1,1.1999999999999997,1.5,3.8
72387:13,4,3.1,4.8024999999999975,5,1.2000000000000002,1.0999999999999996,3.8,6.1
72420:95,6,5,6.7,4.9,0.6000000000000005,0.6024999999999974,4.3,5.502499999999998
72488:43,4.8,3.7,5.9,4.3,1.5,1.2999999999999998,2.8,5.6
72554:39,3.2,2.3,4.2,4.3,0.8999999999999999,0.7999999999999998,3.4,5.1
72579:15,3.7,2.4,5.1,3.2,0.8000000000000003,0.8999999999999995,2.4,4.1
7265:10,4.2,3.1,5.3,4,1.2999999999999998,1.4000000000000004,2.7,5.4
7267:12,3.7,3.2,4.2,3.4,1,1.1999999999999997,2.4,4.6
72763:7,4.8,3.7975000000000003,5.702499999999998,5.2,1.2000000000000002,1.0999999999999996,4,6.3
7282:17,3,2.1,4.2,3.1,0.8024999999999998,0.7999999999999998,2.2975000000000003,3.9
72832:14,3.6,2.6,4.602499999999997,3.2,1.1025,1.2000000000000002,2.0975,4.4
7285:11,3,2.1,3.9,3.2,1.2000000000000002,1.3999999999999995,2,4.6
73140:10,5.6,4.9975000000000005,6.2,6.2,0.8025000000000002,0.5999999999999996,5.3975,6.8
73173:67,5.5,4.3,6.402499999999998,4.3,1.1999999999999997,1.1000000000000005,3.1,5.4
73491:25,5.3,4.3,6.2,5.2,0.7999999999999998,0.7000000000000002,4.4,5.9
73538:38,5.3,4.1,6.4,6.2,0.40000000000000036,0.39999999999999947,5.8,6.6
7361:10,3.9,2.8,4.9,2.3,0.5999999999999999,0.6000000000000001,1.7,2.9
73755:84,4.9,3.7,5.8,4.9,1.1000000000000005,1.0999999999999996,3.8,6
74032:16,2.4,1.3,3.5024999999999977,3.1,1,0.9999999999999996,2.1,4.1
74155:5,5.5,4.7,6.2,4,0.7999999999999998,0.9000000000000004,3.2,4.9
74234:44,3.4,2.4,4.4,3,1,1.0999999999999996,2,4.1
74301:11,3.3,2.4,4.1,1.5,0.30000000000000004,0.30000000000000004,1.2,1.8
74324:8,4.3,2.8,5.7,5.3,1,1,4.3,6.3
74341:4,3.8,2.8,5,3.1,1.2000000000000002,1.2024999999999975,1.9,4.3024999999999975
74537:12,2.4,1.7,3.2,2.4,0.8999999999999999,1,1.5,3.4
74560:83,4.2,3.1,5.2,3.3,1,1,2.3,4.3
74568:22,2.8,1.7,4.1,3.8,1.1999999999999997,1.2000000000000002,2.6,5
74580:17,2.6,1.7975,3.5,2,0.3999999999999999,0.5,1.6,2.5
74608:91,2.2,1.6,2.8,4.7,1,1,3.7,5.7
74649:24,3.1,1.6,4.6,1.7,0.5,0.502499999999998,1.2,2.202499999999998
74757:171,3.7,2.5,4.9,2.7,0.7000000000000002,0.7999999999999998,2,3.5
74797:57,1.7,1.2,2.4,1.7,0.7,1.0000000000000002,1,2.7
75025:28,4.5,3.1,5.7,5.1,1.1999999999999997,1,3.9,6.1
7526:63,5.1,4.1,5.9,4.5,1.2999999999999998,1.2000000000000002,3.2,5.7
75552:115,3,2.2,3.8,3.8,1,1.1000000000000005,2.8,4.9
75571:7,5.2,4.3,6,4.4,1.0000000000000004,1,3.4,5.4
75949:43,4.5,3.4,5.6,5.5,0.7000000000000002,0.7000000000000002,4.8,6.2
76160:21,4.5,3.5975,5.4,5.2,1,0.7999999999999998,4.2,6
76200:18,4,2.7,5.3,3.6,1.4,1.3000000000000003,2.2,4.9
76211:56,2.1,1.4,2.9,2.8,1.0999999999999999,1.3024999999999975,1.7,4.102499999999997
76223:21,3.6,2.7,4.402499999999998,2.4,1,1,1.4,3.4
76326:14,4.6,3.5,5.6,4.4,1.5000000000000004,1.2999999999999998,2.9,5.7
76377:93,3.5,2.5,4.5,2.4,0.8999999999999999,1.0024999999999977,1.5,3.4024999999999976
76785:80,4.3,3.3,5.3,4.7,0.7000000000000002,0.7000000000000002,4,5.4
76809:59,2.8,1.8,3.8,3.9,1.1999999999999997,1.3000000000000003,2.7,5.2
77264:6,4.9,3.9,5.9,4.8,1.2999999999999998,1.2000000000000002,3.5,6
77309:26,3.4,2.5,4.4,3.7,1.3000000000000003,1.5,2.4,5.2
77358:19,3.2,2.2,4.2,3.3,1.1999999999999997,1.2999999999999998,2.1,4.6
77398:5,5.4,4.5,6.2,5.4,1.2000000000000002,1,4.2,6.4
77461:30,3.4,2.2,4.8,2.3,0.6999999999999997,0.9000000000000004,1.6,3.2
7758:15,3.8,2.9,4.7,4.8,1,0.9000000000000004,3.8,5.7
77593:15,5,4.1,5.9,5.1,1.1999999999999997,1,3.9,6.1
77759:32,3.8,2.5,5.2,4.2,1.2000000000000002,1.2000000000000002,3,5.4
77843:15,3.1,2.0975,4.3,2.6,0.8,0.8999999999999999,1.8,3.5
77852:30,5,4.2,5.8,4,1.2000000000000002,1.2000000000000002,2.8,5.2
77887:17,4.2,3,5.5,5.4,0.8000000000000007,0.7999999999999998,4.6,6.2
77906:47,3.6,2.3,5,1.7,0.3999999999999999,0.40000000000000013,1.3,2.1
78212:39,5.9,5.3,6.5,5.4,0.6000000000000005,0.5999999999999996,4.8,6
78294:14,3.8,2.8,4.9,2.7,1.1,1.1999999999999997,1.6,3.9
78394:33,4.8,3.5,6,6,0.7000000000000002,0.7000000000000002,5.3,6.7
78585:7,4.8,3.7,5.8,5.3,0.7000000000000002,0.6024999999999983,4.6,5.902499999999998
78614:111,5.3,4.3,6.2,4.1,1.1999999999999997,1.2000000000000002,2.9,5.3
78762:25,5.1,4.2,6.1,4,1.1,1.0999999999999996,2.9,5.1
79030:34,4.6,3.6,5.5,4.5,0.8999999999999999,0.9000000000000004,3.6,5.4
79355:11,3.2,2.2,4.3,1.8,0.6000000000000001,0.9000000000000001,1.2,2.7
79557:42,4.2,2.9975,5.5,4.7,1.5,1.2999999999999998,3.2,6
79761:35,3.8,2.3,5.2,3.4,1,1.1999999999999997,2.4,4.6
79893:26,3.3,1.9,4.5,1.6,0.6000000000000001,1,1,2.6
80001:13,4.4,3,5.8,2.7,0.7025000000000001,0.6999999999999997,1.9975,3.4
80218:50,2.9,2.1,3.9,1.8,0.8,1.2,1,3
80278:17,5.2,4,6.2,3.3,1,1,2.3,4.3
80299:13,5.4,4.1,6.4,5.1,0.8999999999999995,0.8000000000000007,4.2,5.9
80333:17,6.4,6,6.8,6.1,0.39999999999999947,0.40000000000000036,5.7,6.5
80438:40,2.9,1.9,3.8,2.9,1.2,1.3000000000000003,1.7,4.2
80499:4,4.9,3.5,6.1,6.5,0.40000000000000036,0.40000000000000036,6.1,6.9
80629:13,5.5,4.3,6.4,5.8,0.8999999999999995,0.7999999999999998,4.9,6.6
80681:23,4.2,3.1,5.4,3.5,1,1.0999999999999996,2.5,4.6
80692:12,2.6,1.9,3.2,2.9,1.2999999999999998,1.6,1.6,4.5
80877:63,2.8,1.7,3.8,2.3,0.5999999999999999,0.5,1.7,2.8
81221:70,4.8,4,5.6,4.7,0.9000000000000004,0.8999999999999995,3.8,5.6
81720:33,3.1,2.1,4.3,1.7,0.5999999999999999,0.7,1.1,2.4
81802:32,2.8,1.7975,3.9,5.2,1.2000000000000002,1.2000000000000002,4,6.4
81838:54,4.2,3.3,5.1,5.7,1.1000000000000005,0.8999999999999995,4.6,6.6
81885:137,2.7,2,3.5,3.8,1.2999999999999998,1.2999999999999998,2.5,5.1
81929:47,4.3,3.2,5.3,3.9,1.5,1.3000000000000003,2.4,5.2
82021:22,3.5,2.2975000000000003,4.8,2.7,0.8000000000000003,0.8999999999999999,1.9,3.6
82295:13,3.3,2.1975000000000002,4.5,2.9,0.8024999999999998,0.8999999999999999,2.0975,3.8
82296:18,3.8,2.6975000000000002,5.002499999999998,4.1,1.1024999999999996,1.1000000000000005,2.9975,5.2
82503:72,3.1,2.5,3.9,2.8,1.4,1.6000000000000005,1.4,4.4
82687:34,5.4,4.4,6.3024999999999975,5,1.2999999999999998,1.0999999999999996,3.7,6.1
82800:12,2.9,1.9,4,2.7,1.0000000000000002,1.0999999999999996,1.7,3.8
83056:37,5.1,4,6.2,4.4,1.4000000000000004,1.2999999999999998,3,5.7
83198:48,4,2.9,5.1,3.6,1.4,1.5024999999999973,2.2,5.102499999999997
83449:21,5.9,5.1,6.5,6,0.7999999999999998,0.5999999999999996,5.2,6.6
83449:32,5.7,4.9,6.4,6.2,0.6000000000000005,0.5,5.6,6.7
83450:9,4.8,3.2,6.1,6.2,0.9000000000000004,0.7000000000000002,5.3,6.9
83497:27,3.2,1.8,4.8,3.4,1,1.1,2.4,4.5
83552:52,5.1,3.9,6.2,5.9,1,0.7999999999999998,4.9,6.7
83966:23,3.4,2.5,4.3,1.6,0.40000000000000013,0.5,1.2,2.1
83988:6,5.3,4.6,6,5.5,0.9024999999999999,0.7999999999999998,4.5975,6.3
84117:33,2.7,1.7,3.8,1.4,0.3999999999999999,0.40249999999999786,1,1.8024999999999978
84120:11,4,2.9,5.2,3.9,1.1999999999999997,1.1,2.7,5
84152:34,3.3,2.3,4.2,3.5,1.1,1.2000000000000002,2.4,4.7
84185:16,4.3,3.1,5.5,1.8,0.40000000000000013,0.30000000000000004,1.4,2.1
84205:26,3.3,2.2,4.4,4.9,1.3000000000000003,1.1999999999999993,3.6,6.1
84530:21,3.7,2.6,4.9,3.7,1,1.0999999999999996,2.7,4.8
84633:31,5.2,3.9,6.3,5.4,0.9000000000000004,0.6999999999999993,4.5,6.1
85193:35,4.4,3.5,5.4,2.3,0.6999999999999997,1,1.6,3.3
85235:65,3.8,2.5,5.2,3.5,1.2999999999999998,1.402499999999998,2.2,4.902499999999998
85252:8,4.7,3.9,5.402499999999998,4.4,1.3000000000000003,1.2999999999999998,3.1,5.7
85724:16,5.2,4.1,6.2,5.2,0.9000000000000004,0.7999999999999998,4.3,6
85881:104,3,1.8,4.3,2.7,0.9000000000000001,1.1024999999999974,1.8,3.8024999999999975
85965:39,4.4,3.6,5.1,3.5,0.8999999999999999,1.2000000000000002,2.6,4.7
86088:57,3.1,2,4.3,3.7,1.2000000000000002,1.2999999999999998,2.5,5
86100:21,2.6,1.4,3.9,2.2,0.8000000000000003,0.7999999999999998,1.4,3
86100:26,2.4,1.2,3.9,2.6,1,1.1024999999999978,1.6,3.702499999999998
86408:11,5.7,4.9,6.5,5.7,1,0.7000000000000002,4.7,6.4
86451:40,4.2,3.2,5.1,5.4,1.2000000000000002,1.0024999999999977,4.2,6.402499999999998
86455:28,4.1,2.7,5.5,4.1,0.8999999999999995,0.9000000000000004,3.2,5
86489:22,5.1,4.3,5.8,5.1,1.1024999999999996,1,3.9975,6.1
8687:12,4.3,3.1,5.4,3.7,1.4000000000000004,1.3024999999999975,2.3,5.002499999999998
87128:10,3.6,2.2,5.1,2.3,0.7999999999999998,1,1.5,3.3
87190:11,4.3,3,5.5,5.3,0.8999999999999995,0.7000000000000002,4.4,6
87240:87,4.5,3.5,5.4,4.6,1.2999999999999998,1.1024999999999983,3.3,5.702499999999998
87257:107,5.2,4.3,6,5.5,0.7000000000000002,0.7000000000000002,4.8,6.2
87467:20,4.3,2.8975,5.702499999999998,3.2,1.1,1.2000000000000002,2.1,4.4
87654:14,4.9,3.8,5.9,3.8,1.2999999999999998,1.2000000000000002,2.5,5
87654:69,2.6,1.5,4.2,4.3,1.0999999999999996,1.1000000000000005,3.2,5.4
88001:23,4.6,3.6,5.5,3.4,1.2999999999999998,1.5000000000000004,2.1,4.9
88001:41,5.2,4.2,6.1,4.7,1.3000000000000003,1.2000000000000002,3.4,5.9
88070:6,4.7,3.7,5.602499999999997,5.9,1,0.7999999999999998,4.9,6.7
8865:47,4,2.8,5.2,2.9,0.8999999999999999,1,2,3.9
8865:67,4,2.8,5.2,3.1,1.2000000000000002,1.4999999999999996,1.9,4.6
8866:65,5.3,4.7,5.9,6.1,0.39999999999999947,0.40000000000000036,5.7,6.5
88662:24,4.8,3.5,6,2.5,1.2,1.5999999999999996,1.3,4.1
8867:13,3,2.19875,3.75,1.6,0.40000000000000013,0.6000000000000001,1.2,2.2
88674:10,3.7,2.5975,4.7,4.2,1.1,1.2000000000000002,3.1,5.4
88706:22,3.1,2,4.3,3.5,0.8999999999999999,0.7999999999999998,2.6,4.3
88719:5,5.1,3.8,6.3,5.8,0.7000000000000002,0.7000000000000002,5.1,6.5
88772:47,2.2,1.4,3.1,2.4,0.8999999999999999,1,1.5,3.4
88808:43,4.5,3.6,5.3,2.4,1.0999999999999999,1.3000000000000003,1.3,3.7
8884:22,5.2,4.2,6.2,3.6,1.5,1.4999999999999996,2.1,5.1
8885:15,4.2,3.1,5.3,4.5,1.2000000000000002,1.0999999999999996,3.3,5.6
89068:107,4.6,3.3,5.8,3.1,1.0025,1.1999999999999997,2.0975,4.3
89180:32,4.7,3.5,5.8,3.9,1,1.0000000000000004,2.9,4.9
89238:15,3.6,2.5975,4.7,2.1,1.1,1.2999999999999998,1,3.4
89259:13,5.5,4.1,6.5,6.4,0.40000000000000036,0.39999999999999947,6,6.8
8930:19,3.5,2.3,4.8,2.5,0.8999999999999999,0.9024999999999976,1.6,3.4024999999999976
89352:11,3.9,2.8,5.1,2.6,1.1,1.2999999999999998,1.5,3.9
89437:12,3.1,2,4.2,1.4,0.2999999999999998,0.30000000000000004,1.1,1.7
89480:63,2.6,1.6,3.7,2,0.5,0.5,1.5,2.5
89580:13,5.5,4.2,6.5,6.3,0.7000000000000002,0.5,5.6,6.8
90033:32,5,4.3,5.6,5.1,1.3999999999999995,1.1000000000000005,3.7,6.2
90039:83,4.5,3.4,5.7,3.2,1.1,0.8999999999999995,2.1,4.1
90051:29,2.4,1.4,3.5,2.9,1.2,1.3000000000000003,1.7,4.2
90144:26,3.2,1.8,4.8,3.1,0.8024999999999998,0.7999999999999998,2.2975000000000003,3.9
90230:11,3.7,2.4,5,2.5,0.8999999999999999,1.1,1.6,3.6
90848:29,4.5,3.5,5.5,4.4,1.6000000000000005,1.3999999999999995,2.8,5.8
90995:20,5.4,4.2975,6.3,5.5,0.7999999999999998,0.7000000000000002,4.7,6.2
91041:57,3.4,1.9,4.9,3.7,1.1,0.8999999999999995,2.6,4.6
9106:85,3.9,2.8,5.1,4.3,0.8999999999999999,0.9024999999999981,3.4,5.202499999999998
91119:18,3,2.2,3.9,2.8,0.7999999999999998,0.8000000000000003,2,3.6
91184:148,5.5,4.6,6.3,5.7,1.2000000000000002,0.8999999999999995,4.5,6.6
91185:45,5.1,4.2,6,3.3,0.8024999999999998,0.7999999999999998,2.4975,4.1
91286:72,5.3,3.9,6.6,4.7,1.4000000000000004,1.202499999999998,3.3,5.902499999999998
91333:59,4.2,2.8,5.5,4.8,1,0.7999999999999998,3.8,5.6
91388:33,3.8,2.7,4.9,4.5,1,1,3.5,5.5
91704:14,3.2,2.1,4.202499999999998,3.2,1.3000000000000003,1.2999999999999998,1.9,4.5
91758:36,3.6,2.5975,4.7,2.5,0.6000000000000001,0.7000000000000002,1.9,3.2
91758:53,3.6,2.9,4.3,4.4,0.9000000000000004,0.7999999999999998,3.5,5.2
9196:49,5.2,4.1,6.1,5,1.3024999999999998,1.2000000000000002,3.6975000000000002,6.2
92249:38,2.3,1.4,3.2,1.7,0.7,0.9000000000000001,1,2.6
92394:53,4.2,3.3,5.2,4.7,1.3000000000000003,1.2000000000000002,3.4,5.9
92531:11,4.3,2.9,5.6,4.8,1.1999999999999997,1,3.6,5.8
92716:8,5.6,5.1,6.1,5.7,0.7999999999999998,0.7000000000000002,4.9,6.4
92861:25,3.8,2.7,5.1,4,1.2000000000000002,1.2000000000000002,2.8,5.2
93005:47,3.8,2.6,4.902499999999998,2.7,1.0000000000000002,1.0999999999999996,1.7,3.8
93264:4,5.2,4.4,5.9,4.7,1.2000000000000002,1,3.5,5.7
93477:92,2.6,1.3,4.1,2.5,1,1.2000000000000002,1.5,3.7
93765:12,3.3,2.2,4.4,3,1,1.0999999999999996,2,4.1
94182:13,3.2,1.9,4.6,3.3,1.1999999999999997,1.202499999999998,2.1,4.502499999999998
94280:31,4.2,3.3,5.2,3.4,1.1024999999999996,1.3000000000000003,2.2975000000000003,4.7
94526:45,4.9,3.8,5.8,5.4,0.9000000000000004,0.7999999999999998,4.5,6.2
9455:69,4.6,3.1,6,4,1,0.7999999999999998,3,4.8
94633:27,5,4.1,6,5.5,0.7999999999999998,0.7999999999999998,4.7,6.3
94747:14,4.8,3.5,6,3,1.1,1.0999999999999996,1.9,4.1
94780:11,5.8,5,6.5,5.6,0.7999999999999998,0.6000000000000005,4.8,6.2
94784:6,3.9,2.6,5.2,5.3,1.0024999999999995,0.9000000000000004,4.2975,6.2
9486:4,5.7,4.5,6.6,5.4,0.8025000000000002,0.7999999999999998,4.5975,6.2
94976:130,3.8,2.8,4.8,2.1,0.7000000000000002,0.7999999999999998,1.4,2.9
9501:60,4.3,3,5.6,5.1,0.5999999999999996,0.5,4.5,5.6
9507:75,3.9,2.8,4.9,5.5,0.7999999999999998,0.7000000000000002,4.7,6.2
95199:151,2.8,1.9,3.6,2.5,1.2,1.4,1.3,3.9
9524:43,3.6,2.9,4.3512499999999985,3.3,0.7024999999999997,0.8024999999999975,2.5975,4.102499999999997
95345:10,4.2,2.9,5.3,3.6,1.3000000000000003,1.4,2.3,5
95400:23,3.4,2.3,4.6,3,1.2,1.2000000000000002,1.8,4.2
95535:14,4.8,3.8,5.6,6.3,0.39999999999999947,0.40000000000000036,5.9,6.7
95586:13,3.4,2.1,4.9,2.2,0.9000000000000001,1.2999999999999998,1.3,3.5
95645:100,4.8,4.1,5.6,4.1,1.1024999999999996,1.0024999999999977,2.9975,5.102499999999997
95645:41,4,2.5,5.6,4.2,1.2000000000000002,1.202499999999998,3,5.402499999999998
95651:89,6.2,5.6,6.7,5.8,0.5999999999999996,0.6000000000000005,5.2,6.4
9573:19,6.2,5.7,6.6,6.5,0.7999999999999998,0.5,5.7,7
95804:23,2.3,1.3,3.4,3.2,1.1,1.1024999999999974,2.1,4.3024999999999975
95835:35,3.2,2.1,4.3024999999999975,2.5,0.7,0.7000000000000002,1.8,3.2
9584:73,5.8,4.8,6.5,5.8,0.7999999999999998,0.7000000000000002,5,6.5
95853:38,4.7,3.7,5.702499999999998,5.5,0.9000000000000004,0.7999999999999998,4.6,6.3
96034:46,4.7,3.7,5.7,2.7,1.0000000000000002,1.1999999999999997,1.7,3.9
96042:48,5,3.6,6.3,4.2,1,1.0999999999999996,3.2,5.3
9608:21,3.5,2.4,4.6,1.9,0.7999999999999998,1.2000000000000002,1.1,3.1
96261:16,2.4,1.7,3.3,2.2,0.9000000000000001,1,1.3,3.2
96656:11,4.9,3.8,6,3.4,1,1.0000000000000004,2.4,4.4
96724:27,4,2.6,5.3,2.9,1.2999999999999998,1.5000000000000004,1.6,4.4
96743:132,3.8,2.5975,5.3,2.4,0.8999999999999999,1,1.5,3.4
96775:40,4.6,3.1,6,3.5,1.1,1.0999999999999996,2.4,4.6
96866:33,4.9,3.8,5.8,4.5,1,0.9000000000000004,3.5,5.4
96870:36,5.2,4.2,6,4.4,1.0000000000000004,0.8999999999999995,3.4,5.3
96882:42,3.4,2.1,4.8,3.6,1,0.8999999999999999,2.6,4.5
96886:11,4.8,3.4,6.102499999999997,4.6,1.3999999999999995,1.2000000000000002,3.2,5.8
97004:103,2.9,1.7,4.3,1.5,0.3999999999999999,0.3999999999999999,1.1,1.9
97106:13,4.1,2.9,5.2,4.3,1.1999999999999997,1.2000000000000002,3.1,5.5
97106:20,4.8,3.5,6.1,4.6,1.0999999999999996,1.1000000000000005,3.5,5.7
97229:18,3.9,2.7,5.1,2.9,0.5,0.5,2.4,3.4
97320:78,3.6,2.1975000000000002,5.2,3,1,1.2000000000000002,2,4.2
97543:11,3.9,2.7,4.902499999999998,5.1,1.4999999999999996,1.4000000000000004,3.6,6.5
97584:19,2.7,1.8,3.7,3.2,0.9000000000000004,1.0024999999999977,2.3,4.202499999999998
9762:24,2,1,3.5,5.6,1.1024999999999991,0.9000000000000004,4.4975000000000005,6.5
97813:26,3.45,2.7,4.25,3.1,1.2025,1.3000000000000003,1.8975000000000002,4.4
9797:33,5.8,4.5,6.7,5.8,0.8999999999999995,0.7000000000000002,4.9,6.5
97989:5,4.7,3.5,5.7,4.1,1.1999999999999997,1.1000000000000005,2.9,5.2
98248:22,4.5,3.5,5.5,4.5,1.1,1,3.4,5.5
98822:22,5,3.8975,6.1,4.4,1.5000000000000004,1.3999999999999995,2.9,5.8
98932:25,3.2,2,4.4,2.2,0.7000000000000002,0.9024999999999976,1.5,3.102499999999998
98969:36,3.8,2.7975000000000003,4.9,2.5,0.8999999999999999,0.8999999999999999,1.6,3.4
98986:4,5.5,4.2975,6.5,5.9,0.5025000000000004,0.5,5.3975,6.4
99158:38,5.4,4.5,6.3,4.4,1.2000000000000002,1.1999999999999993,3.2,5.6
99170:29,5.5,4.4,6.4,5.2,0.8025000000000002,0.7000000000000002,4.3975,5.9
99236:8,5.8,4.7,6.7,6.1,0.7999999999999998,0.6000000000000005,5.3,6.7
99247:72,5.2,4.4,6,6,0.40000000000000036,0.40000000000000036,5.6,6.4
99256:22,4.3,3.5,5.2,4.8,1.1024999999999996,1.0024999999999977,3.6975000000000002,5.8024999999999975
99256:38,5,3.9,5.9,5.6,1,0.9000000000000004,4.6,6.5
99291:5,5.2,4.1,6,4.9,0.9000000000000004,0.7999999999999998,4,5.7
99355:10,4.6,3.8,5.5,5.7,1.0025000000000004,0.7999999999999998,4.6975,6.5
99356:32,2.9,1.5,4.5,4.4,1.4000000000000004,1.4024999999999972,3,5.8024999999999975
99608:4,5.3,4.4,6,5,1.1,1.0999999999999996,3.9,6.1
99637:89,2.7,1.7,3.8,1.5,0.30000000000000004,0.30000000000000004,1.2,1.8
99651:29,2.6,1.8,3.6,2.2,0.8000000000000003,0.7999999999999998,1.4,3
9967:56,3.3,2.1,4.602499999999997,4.3,1.2024999999999997,1.2999999999999998,3.0975,5.6
9970:53,4.4,3.4,5.4,4.5,1.4024999999999999,1.2999999999999998,3.0975,5.8
99831:29,2,1.3,3,1.4,0.3999999999999999,0.40000000000000013,1,1.8
99947:44,2.6,1.5,4,2.8,1.0999999999999999,1.2999999999999998,1.7,4.1
99956:17,6.2,5.5,6.7,6.3,0.7000000000000002,0.6000000000000005,5.6,6.9
